test,truth_tool,truth_status,compare_tool,compare_status
/RG/rg-fried/alnadav5/ltlf-po-benchmarks/lucas/ltlf/peek/peek_1_4_63.ltlf,lucas_mso,1,spot_ltlfilt,0
/RG/rg-fried/alnadav5/ltlf-po-benchmarks/lucas/ltlf/peek/peek_1_3_88.ltlf,lucas_mso,1,spot_ltlfilt,0
/RG/rg-fried/alnadav5/ltlf-po-benchmarks/lucas/ltlf/peek/peek_1_4_65.ltlf,lucas_mso,1,spot_ltlfilt,0
/RG/rg-fried/alnadav5/ltlf-po-benchmarks/lucas/ltlf/peek/peek_2_3_11.ltlf,lucas_mso,1,spot_ltlfilt,0
/RG/rg-fried/alnadav5/ltlf-po-benchmarks/lucas/ltlf/peek/peek_1_3_70.ltlf,lucas_mso,1,spot_ltlfilt,0
/RG/rg-fried/alnadav5/ltlf-po-benchmarks/lucas/ltlf/peek/peek_2_1_43.ltlf,lucas_mso,1,spot_ltlfilt,0
/RG/rg-fried/alnadav5/ltlf-po-benchmarks/lucas/ltlf/peek/peek_1_2_11.ltlf,lucas_mso,1,spot_ltlfilt,0
/RG/rg-fried/alnadav5/ltlf-po-benchmarks/lucas/ltlf/peek/peek_1_4_26.ltlf,lucas_mso,1,spot_ltlfilt,0
/RG/rg-fried/alnadav5/ltlf-po-benchmarks/lucas/ltlf/peek/peek_1_3_63.ltlf,lucas_mso,1,spot_ltlfilt,0
/RG/rg-fried/alnadav5/ltlf-po-benchmarks/lucas/ltlf/peek/peek_1_1_91.ltlf,lucas_mso,1,spot_ltlfilt,0
/RG/rg-fried/alnadav5/ltlf-po-benchmarks/lucas/ltlf/peek/peek_2_4_27.ltlf,lucas_mso,1,spot_ltlfilt,0
/RG/rg-fried/alnadav5/ltlf-po-benchmarks/lucas/ltlf/peek/peek_1_3_66.ltlf,lucas_mso,1,spot_ltlfilt,0
/RG/rg-fried/alnadav5/ltlf-po-benchmarks/lucas/ltlf/peek/peek_2_2_40.ltlf,lucas_mso,1,spot_ltlfilt,0
/RG/rg-fried/alnadav5/ltlf-po-benchmarks/lucas/ltlf/peek/peek_2_3_37.ltlf,lucas_mso,1,spot_ltlfilt,0
/RG/rg-fried/alnadav5/ltlf-po-benchmarks/lucas/ltlf/peek/peek_1_3_49.ltlf,lucas_mso,1,spot_ltlfilt,0
/RG/rg-fried/alnadav5/ltlf-po-benchmarks/lucas/ltlf/peek/peek_2_2_76.ltlf,lucas_mso,1,spot_ltlfilt,0
/RG/rg-fried/alnadav5/ltlf-po-benchmarks/lucas/ltlf/peek/peek_2_2_62.ltlf,lucas_mso,1,spot_ltlfilt,0
/RG/rg-fried/alnadav5/ltlf-po-benchmarks/lucas/ltlf/peek/peek_1_4_57.ltlf,lucas_mso,1,spot_ltlfilt,0
/RG/rg-fried/alnadav5/ltlf-po-benchmarks/lucas/ltlf/peek/peek_1_2_5.ltlf,lucas_mso,1,spot_ltlfilt,0
/RG/rg-fried/alnadav5/ltlf-po-benchmarks/lucas/ltlf/peek/peek_1_2_54.ltlf,lucas_mso,1,spot_ltlfilt,0
/RG/rg-fried/alnadav5/ltlf-po-benchmarks/lucas/ltlf/peek/peek_1_1_68.ltlf,lucas_mso,1,spot_ltlfilt,0
/RG/rg-fried/alnadav5/ltlf-po-benchmarks/lucas/ltlf/peek/peek_1_2_100.ltlf,lucas_mso,1,spot_ltlfilt,0
/RG/rg-fried/alnadav5/ltlf-po-benchmarks/lucas/ltlf/peek/peek_1_1_36.ltlf,lucas_mso,1,spot_ltlfilt,0
/RG/rg-fried/alnadav5/ltlf-po-benchmarks/lucas/ltlf/peek/peek_2_2_88.ltlf,lucas_mso,1,spot_ltlfilt,0
/RG/rg-fried/alnadav5/ltlf-po-benchmarks/lucas/ltlf/peek/peek_1_2_98.ltlf,lucas_mso,1,spot_ltlfilt,0
/RG/rg-fried/alnadav5/ltlf-po-benchmarks/lucas/ltlf/peek/peek_1_4_78.ltlf,lucas_mso,1,spot_ltlfilt,0
/RG/rg-fried/alnadav5/ltlf-po-benchmarks/lucas/ltlf/peek/peek_2_2_38.ltlf,lucas_mso,1,spot_ltlfilt,0
/RG/rg-fried/alnadav5/ltlf-po-benchmarks/lucas/ltlf/peek/peek_1_2_79.ltlf,lucas_mso,1,spot_ltlfilt,0
/RG/rg-fried/alnadav5/ltlf-po-benchmarks/lucas/ltlf/peek/peek_2_2_71.ltlf,lucas_mso,1,spot_ltlfilt,0
/RG/rg-fried/alnadav5/ltlf-po-benchmarks/lucas/ltlf/peek/peek_1_1_34.ltlf,lucas_mso,1,spot_ltlfilt,0
/RG/rg-fried/alnadav5/ltlf-po-benchmarks/lucas/ltlf/peek/peek_2_2_13.ltlf,lucas_mso,1,spot_ltlfilt,0
/RG/rg-fried/alnadav5/ltlf-po-benchmarks/lucas/ltlf/peek/peek_1_1_39.ltlf,lucas_mso,1,spot_ltlfilt,0
/RG/rg-fried/alnadav5/ltlf-po-benchmarks/lucas/ltlf/peek/peek_1_4_36.ltlf,lucas_mso,1,spot_ltlfilt,0
/RG/rg-fried/alnadav5/ltlf-po-benchmarks/lucas/ltlf/peek/peek_1_4_58.ltlf,lucas_mso,1,spot_ltlfilt,0
/RG/rg-fried/alnadav5/ltlf-po-benchmarks/lucas/ltlf/peek/peek_1_3_13.ltlf,lucas_mso,1,spot_ltlfilt,0
/RG/rg-fried/alnadav5/ltlf-po-benchmarks/lucas/ltlf/peek/peek_1_1_87.ltlf,lucas_mso,1,spot_ltlfilt,0
/RG/rg-fried/alnadav5/ltlf-po-benchmarks/lucas/ltlf/peek/peek_1_1_31.ltlf,lucas_mso,1,spot_ltlfilt,0
/RG/rg-fried/alnadav5/ltlf-po-benchmarks/lucas/ltlf/peek/peek_2_4_10.ltlf,lucas_mso,1,spot_ltlfilt,0
/RG/rg-fried/alnadav5/ltlf-po-benchmarks/lucas/ltlf/peek/peek_2_4_14.ltlf,lucas_mso,1,spot_ltlfilt,0
/RG/rg-fried/alnadav5/ltlf-po-benchmarks/lucas/ltlf/peek/peek_2_4_71.ltlf,lucas_mso,1,spot_ltlfilt,0
/RG/rg-fried/alnadav5/ltlf-po-benchmarks/lucas/ltlf/peek/peek_1_4_1.ltlf,lucas_mso,1,spot_ltlfilt,0
/RG/rg-fried/alnadav5/ltlf-po-benchmarks/lucas/ltlf/peek/peek_2_1_33.ltlf,lucas_mso,1,spot_ltlfilt,0
/RG/rg-fried/alnadav5/ltlf-po-benchmarks/lucas/ltlf/seek_8.ltlf,lucas_mso,1,spot_ltlfilt,0
/RG/rg-fried/alnadav5/ltlf-po-benchmarks/lucas/ltlf/peek/peek_1_2_18.ltlf,lucas_mso,1,spot_ltlfilt,0
/RG/rg-fried/alnadav5/ltlf-po-benchmarks/lucas/ltlf/peek/peek_1_1_96.ltlf,lucas_mso,1,spot_ltlfilt,0
/RG/rg-fried/alnadav5/ltlf-po-benchmarks/lucas/ltlf/peek/peek_1_3_46.ltlf,lucas_mso,1,spot_ltlfilt,0
/RG/rg-fried/alnadav5/ltlf-po-benchmarks/lucas/ltlf/peek/peek_1_4_79.ltlf,lucas_mso,1,spot_ltlfilt,0
/RG/rg-fried/alnadav5/ltlf-po-benchmarks/lucas/ltlf/peek/peek_1_3_58.ltlf,lucas_mso,1,spot_ltlfilt,0
/RG/rg-fried/alnadav5/ltlf-po-benchmarks/lucas/ltlf/peek/peek_1_2_99.ltlf,lucas_mso,1,spot_ltlfilt,0
/RG/rg-fried/alnadav5/ltlf-po-benchmarks/lucas/ltlf/peek/peek_1_1_71.ltlf,lucas_mso,1,spot_ltlfilt,0
/RG/rg-fried/alnadav5/ltlf-po-benchmarks/lucas/ltlf/peek/peek_1_1_76.ltlf,lucas_mso,1,spot_ltlfilt,0
/RG/rg-fried/alnadav5/ltlf-po-benchmarks/lucas/ltlf/peek/peek_1_4_70.ltlf,lucas_mso,1,spot_ltlfilt,0
/RG/rg-fried/alnadav5/ltlf-po-benchmarks/lucas/ltlf/peek/peek_1_3_43.ltlf,lucas_mso,1,spot_ltlfilt,0
/RG/rg-fried/alnadav5/ltlf-po-benchmarks/lucas/ltlf/peek/peek_1_4_99.ltlf,lucas_mso,1,spot_ltlfilt,0
/RG/rg-fried/alnadav5/ltlf-po-benchmarks/lucas/ltlf/peek/peek_1_1_18.ltlf,lucas_mso,1,spot_ltlfilt,0
/RG/rg-fried/alnadav5/ltlf-po-benchmarks/lucas/ltlf/peek/peek_1_3_89.ltlf,lucas_mso,1,spot_ltlfilt,0
/RG/rg-fried/alnadav5/ltlf-po-benchmarks/lucas/ltlf/peek/peek_1_4_69.ltlf,lucas_mso,1,spot_ltlfilt,0
/RG/rg-fried/alnadav5/ltlf-po-benchmarks/lucas/ltlf/peek/peek_2_4_80.ltlf,lucas_mso,1,spot_ltlfilt,0
/RG/rg-fried/alnadav5/ltlf-po-benchmarks/lucas/ltlf/peek/peek_1_4_10.ltlf,lucas_mso,1,spot_ltlfilt,0
/RG/rg-fried/alnadav5/ltlf-po-benchmarks/lucas/ltlf/peek/peek_1_3_64.ltlf,lucas_mso,1,spot_ltlfilt,0
/RG/rg-fried/alnadav5/ltlf-po-benchmarks/lucas/ltlf/peek/peek_2_3_72.ltlf,lucas_mso,1,spot_ltlfilt,0
/RG/rg-fried/alnadav5/ltlf-po-benchmarks/lucas/ltlf/peek/peek_2_3_79.ltlf,lucas_mso,1,spot_ltlfilt,0
/RG/rg-fried/alnadav5/ltlf-po-benchmarks/lucas/ltlf/peek/peek_2_1_29.ltlf,lucas_mso,1,spot_ltlfilt,0
/RG/rg-fried/alnadav5/ltlf-po-benchmarks/lucas/ltlf/peek/peek_2_3_49.ltlf,lucas_mso,1,spot_ltlfilt,0
/RG/rg-fried/alnadav5/ltlf-po-benchmarks/lucas/ltlf/peek/peek_2_3_34.ltlf,lucas_mso,1,spot_ltlfilt,0
/RG/rg-fried/alnadav5/ltlf-po-benchmarks/lucas/ltlf/peek/peek_2_3_62.ltlf,lucas_mso,1,spot_ltlfilt,0
/RG/rg-fried/alnadav5/ltlf-po-benchmarks/lucas/ltlf/peek/peek_1_1_65.ltlf,lucas_mso,1,spot_ltlfilt,0
/RG/rg-fried/alnadav5/ltlf-po-benchmarks/lucas/ltlf/peek/peek_2_1_50.ltlf,lucas_mso,1,spot_ltlfilt,0
/RG/rg-fried/alnadav5/ltlf-po-benchmarks/lucas/ltlf/peek/peek_1_1_48.ltlf,lucas_mso,1,spot_ltlfilt,0
/RG/rg-fried/alnadav5/ltlf-po-benchmarks/lucas/ltlf/peek/peek_1_2_33.ltlf,lucas_mso,1,spot_ltlfilt,0
/RG/rg-fried/alnadav5/ltlf-po-benchmarks/lucas/ltlf/peek/peek_2_1_21.ltlf,lucas_mso,1,spot_ltlfilt,0
/RG/rg-fried/alnadav5/ltlf-po-benchmarks/lucas/ltlf/peek/peek_2_2_19.ltlf,lucas_mso,1,spot_ltlfilt,0
/RG/rg-fried/alnadav5/ltlf-po-benchmarks/lucas/ltlf/peek/peek_1_1_1.ltlf,lucas_mso,1,spot_ltlfilt,0
/RG/rg-fried/alnadav5/ltlf-po-benchmarks/lucas/ltlf/peek/peek_1_2_69.ltlf,lucas_mso,1,spot_ltlfilt,0
/RG/rg-fried/alnadav5/ltlf-po-benchmarks/lucas/ltlf/peek/peek_2_2_65.ltlf,lucas_mso,1,spot_ltlfilt,0
/RG/rg-fried/alnadav5/ltlf-po-benchmarks/lucas/ltlf/peek/peek_2_4_55.ltlf,lucas_mso,1,spot_ltlfilt,0
/RG/rg-fried/alnadav5/ltlf-po-benchmarks/lucas/ltlf/peek/peek_2_3_59.ltlf,lucas_mso,1,spot_ltlfilt,0
/RG/rg-fried/alnadav5/ltlf-po-benchmarks/lucas/ltlf/peek/peek_2_4_85.ltlf,lucas_mso,1,spot_ltlfilt,0
/RG/rg-fried/alnadav5/ltlf-po-benchmarks/lucas/ltlf/peek/peek_1_2_56.ltlf,lucas_mso,1,spot_ltlfilt,0
/RG/rg-fried/alnadav5/ltlf-po-benchmarks/lucas/ltlf/peek/peek_1_4_60.ltlf,lucas_mso,1,spot_ltlfilt,0
/RG/rg-fried/alnadav5/ltlf-po-benchmarks/lucas/ltlf/peek/peek_1_4_59.ltlf,lucas_mso,1,spot_ltlfilt,0
/RG/rg-fried/alnadav5/ltlf-po-benchmarks/lucas/ltlf/peek/peek_2_3_53.ltlf,lucas_mso,1,spot_ltlfilt,0
/RG/rg-fried/alnadav5/ltlf-po-benchmarks/lucas/ltlf/peek/peek_1_2_44.ltlf,lucas_mso,1,spot_ltlfilt,0
/RG/rg-fried/alnadav5/ltlf-po-benchmarks/lucas/ltlf/peek/peek_1_1_11.ltlf,lucas_mso,1,spot_ltlfilt,0
/RG/rg-fried/alnadav5/ltlf-po-benchmarks/lucas/ltlf/peek/peek_2_1_41.ltlf,lucas_mso,1,spot_ltlfilt,0
/RG/rg-fried/alnadav5/ltlf-po-benchmarks/lucas/ltlf/peek/peek_1_1_19.ltlf,lucas_mso,1,spot_ltlfilt,0
/RG/rg-fried/alnadav5/ltlf-po-benchmarks/lucas/ltlf/peek/peek_2_4_87.ltlf,lucas_mso,1,spot_ltlfilt,0
/RG/rg-fried/alnadav5/ltlf-po-benchmarks/lucas/ltlf/peek/peek_2_1_83.ltlf,lucas_mso,1,spot_ltlfilt,0
/RG/rg-fried/alnadav5/ltlf-po-benchmarks/lucas/ltlf/peek/peek_2_2_79.ltlf,lucas_mso,1,spot_ltlfilt,0
/RG/rg-fried/alnadav5/ltlf-po-benchmarks/lucas/ltlf/peek/peek_1_4_16.ltlf,lucas_mso,1,spot_ltlfilt,0
/RG/rg-fried/alnadav5/ltlf-po-benchmarks/lucas/ltlf/peek/peek_2_3_98.ltlf,lucas_mso,1,spot_ltlfilt,0
/RG/rg-fried/alnadav5/ltlf-po-benchmarks/lucas/ltlf/peek/peek_2_3_44.ltlf,lucas_mso,1,spot_ltlfilt,0
/RG/rg-fried/alnadav5/ltlf-po-benchmarks/lucas/ltlf/peek/peek_1_1_21.ltlf,lucas_mso,1,spot_ltlfilt,0
/RG/rg-fried/alnadav5/ltlf-po-benchmarks/lucas/ltlf/peek/peek_1_3_69.ltlf,lucas_mso,1,spot_ltlfilt,0
/RG/rg-fried/alnadav5/ltlf-po-benchmarks/lucas/ltlf/peek/peek_2_3_25.ltlf,lucas_mso,1,spot_ltlfilt,0
/RG/rg-fried/alnadav5/ltlf-po-benchmarks/lucas/ltlf/peek/peek_1_3_16.ltlf,lucas_mso,1,spot_ltlfilt,0
/RG/rg-fried/alnadav5/ltlf-po-benchmarks/lucas/ltlf/peek/peek_2_3_20.ltlf,lucas_mso,1,spot_ltlfilt,0
/RG/rg-fried/alnadav5/ltlf-po-benchmarks/lucas/ltlf/peek/peek_2_4_69.ltlf,lucas_mso,1,spot_ltlfilt,0
/RG/rg-fried/alnadav5/ltlf-po-benchmarks/lucas/ltlf/peek/peek_1_4_47.ltlf,lucas_mso,1,spot_ltlfilt,0
/RG/rg-fried/alnadav5/ltlf-po-benchmarks/lucas/ltlf/coins_3.ltlf,lucas_mso,1,spot_ltlfilt,0
/RG/rg-fried/alnadav5/ltlf-po-benchmarks/lucas/ltlf/peek/peek_1_2_29.ltlf,lucas_mso,1,spot_ltlfilt,0
/RG/rg-fried/alnadav5/ltlf-po-benchmarks/lucas/ltlf/peek/peek_1_2_62.ltlf,lucas_mso,1,spot_ltlfilt,0
/RG/rg-fried/alnadav5/ltlf-po-benchmarks/lucas/ltlf/peek/peek_1_3_19.ltlf,lucas_mso,1,spot_ltlfilt,0
/RG/rg-fried/alnadav5/ltlf-po-benchmarks/lucas/ltlf/peek/peek_1_2_25.ltlf,lucas_mso,1,spot_ltlfilt,0
/RG/rg-fried/alnadav5/ltlf-po-benchmarks/lucas/ltlf/peek/peek_1_2_45.ltlf,lucas_mso,1,spot_ltlfilt,0
/RG/rg-fried/alnadav5/ltlf-po-benchmarks/lucas/ltlf/peek/peek_2_3_15.ltlf,lucas_mso,1,spot_ltlfilt,0
/RG/rg-fried/alnadav5/ltlf-po-benchmarks/lucas/ltlf/peek/peek_1_4_22.ltlf,lucas_mso,1,spot_ltlfilt,0
/RG/rg-fried/alnadav5/ltlf-po-benchmarks/lucas/ltlf/peek/peek_1_1_72.ltlf,lucas_mso,1,spot_ltlfilt,0
/RG/rg-fried/alnadav5/ltlf-po-benchmarks/lucas/ltlf/peek/peek_1_4_24.ltlf,lucas_mso,1,spot_ltlfilt,0
/RG/rg-fried/alnadav5/ltlf-po-benchmarks/lucas/ltlf/peek/peek_2_1_58.ltlf,lucas_mso,1,spot_ltlfilt,0
/RG/rg-fried/alnadav5/ltlf-po-benchmarks/lucas/ltlf/peek/peek_1_1_83.ltlf,lucas_mso,1,spot_ltlfilt,0
/RG/rg-fried/alnadav5/ltlf-po-benchmarks/lucas/ltlf/peek/peek_2_4_90.ltlf,lucas_mso,1,spot_ltlfilt,0
/RG/rg-fried/alnadav5/ltlf-po-benchmarks/lucas/ltlf/peek/peek_1_2_53.ltlf,lucas_mso,1,spot_ltlfilt,0
/RG/rg-fried/alnadav5/ltlf-po-benchmarks/lucas/ltlf/peek/peek_2_4_42.ltlf,lucas_mso,1,spot_ltlfilt,0
/RG/rg-fried/alnadav5/ltlf-po-benchmarks/lucas/ltlf/peek/peek_2_3_6.ltlf,lucas_mso,1,spot_ltlfilt,0
/RG/rg-fried/alnadav5/ltlf-po-benchmarks/lucas/ltlf/peek/peek_1_4_31.ltlf,lucas_mso,1,spot_ltlfilt,0
/RG/rg-fried/alnadav5/ltlf-po-benchmarks/lucas/ltlf/peek/peek_2_4_26.ltlf,lucas_mso,1,spot_ltlfilt,0
/RG/rg-fried/alnadav5/ltlf-po-benchmarks/lucas/ltlf/peek/peek_2_4_50.ltlf,lucas_mso,1,spot_ltlfilt,0
/RG/rg-fried/alnadav5/ltlf-po-benchmarks/lucas/ltlf/peek/peek_2_3_80.ltlf,lucas_mso,1,spot_ltlfilt,0
/RG/rg-fried/alnadav5/ltlf-po-benchmarks/lucas/ltlf/peek/peek_2_1_88.ltlf,lucas_mso,1,spot_ltlfilt,0
/RG/rg-fried/alnadav5/ltlf-po-benchmarks/lucas/ltlf/peek/peek_1_3_48.ltlf,lucas_mso,1,spot_ltlfilt,0
/RG/rg-fried/alnadav5/ltlf-po-benchmarks/lucas/ltlf/peek/peek_2_1_87.ltlf,lucas_mso,1,spot_ltlfilt,0
/RG/rg-fried/alnadav5/ltlf-po-benchmarks/lucas/ltlf/peek/peek_2_3_81.ltlf,lucas_mso,1,spot_ltlfilt,0
/RG/rg-fried/alnadav5/ltlf-po-benchmarks/lucas/ltlf/peek/peek_1_3_55.ltlf,lucas_mso,1,spot_ltlfilt,0
/RG/rg-fried/alnadav5/ltlf-po-benchmarks/lucas/ltlf/peek/peek_2_2_70.ltlf,lucas_mso,1,spot_ltlfilt,0
/RG/rg-fried/alnadav5/ltlf-po-benchmarks/lucas/ltlf/peek/peek_1_2_89.ltlf,lucas_mso,1,spot_ltlfilt,0
/RG/rg-fried/alnadav5/ltlf-po-benchmarks/lucas/ltlf/peek/peek_1_1_61.ltlf,lucas_mso,1,spot_ltlfilt,0
/RG/rg-fried/alnadav5/ltlf-po-benchmarks/lucas/ltlf/peek/peek_1_2_35.ltlf,lucas_mso,1,spot_ltlfilt,0
/RG/rg-fried/alnadav5/ltlf-po-benchmarks/lucas/ltlf/peek/peek_2_4_8.ltlf,lucas_mso,1,spot_ltlfilt,0
/RG/rg-fried/alnadav5/ltlf-po-benchmarks/lucas/ltlf/peek/peek_1_4_98.ltlf,lucas_mso,1,spot_ltlfilt,0
/RG/rg-fried/alnadav5/ltlf-po-benchmarks/lucas/ltlf/peek/peek_2_4_92.ltlf,lucas_mso,1,spot_ltlfilt,0
/RG/rg-fried/alnadav5/ltlf-po-benchmarks/lucas/ltlf/peek/peek_1_4_56.ltlf,lucas_mso,1,spot_ltlfilt,0
/RG/rg-fried/alnadav5/ltlf-po-benchmarks/lucas/ltlf/peek/peek_2_4_30.ltlf,lucas_mso,1,spot_ltlfilt,0
/RG/rg-fried/alnadav5/ltlf-po-benchmarks/lucas/ltlf/peek/peek_1_1_43.ltlf,lucas_mso,1,spot_ltlfilt,0
/RG/rg-fried/alnadav5/ltlf-po-benchmarks/lucas/ltlf/peek/peek_2_3_92.ltlf,lucas_mso,1,spot_ltlfilt,0
/RG/rg-fried/alnadav5/ltlf-po-benchmarks/lucas/ltlf/peek/peek_1_3_73.ltlf,lucas_mso,1,spot_ltlfilt,0
/RG/rg-fried/alnadav5/ltlf-po-benchmarks/lucas/ltlf/peek/peek_2_2_36.ltlf,lucas_mso,1,spot_ltlfilt,0
/RG/rg-fried/alnadav5/ltlf-po-benchmarks/lucas/ltlf/peek/peek_1_3_76.ltlf,lucas_mso,1,spot_ltlfilt,0
/RG/rg-fried/alnadav5/ltlf-po-benchmarks/lucas/ltlf/peek/peek_2_4_13.ltlf,lucas_mso,1,spot_ltlfilt,0
/RG/rg-fried/alnadav5/ltlf-po-benchmarks/lucas/ltlf/peek/peek_1_3_52.ltlf,lucas_mso,1,spot_ltlfilt,0
/RG/rg-fried/alnadav5/ltlf-po-benchmarks/lucas/ltlf/peek/peek_1_3_26.ltlf,lucas_mso,1,spot_ltlfilt,0
/RG/rg-fried/alnadav5/ltlf-po-benchmarks/lucas/ltlf/peek/peek_2_3_88.ltlf,lucas_mso,1,spot_ltlfilt,0
/RG/rg-fried/alnadav5/ltlf-po-benchmarks/lucas/ltlf/peek/peek_2_3_16.ltlf,lucas_mso,1,spot_ltlfilt,0
/RG/rg-fried/alnadav5/ltlf-po-benchmarks/lucas/ltlf/peek/peek_2_2_50.ltlf,lucas_mso,1,spot_ltlfilt,0
/RG/rg-fried/alnadav5/ltlf-po-benchmarks/lucas/ltlf/peek/peek_2_1_17.ltlf,lucas_mso,1,spot_ltlfilt,0
/RG/rg-fried/alnadav5/ltlf-po-benchmarks/lucas/ltlf/peek/peek_2_4_34.ltlf,lucas_mso,1,spot_ltlfilt,0
/RG/rg-fried/alnadav5/ltlf-po-benchmarks/lucas/ltlf/peek/peek_1_2_6.ltlf,lucas_mso,1,spot_ltlfilt,0
/RG/rg-fried/alnadav5/ltlf-po-benchmarks/lucas/ltlf/peek/peek_2_1_80.ltlf,lucas_mso,1,spot_ltlfilt,0
/RG/rg-fried/alnadav5/ltlf-po-benchmarks/lucas/ltlf/peek/peek_1_3_22.ltlf,lucas_mso,1,spot_ltlfilt,0
/RG/rg-fried/alnadav5/ltlf-po-benchmarks/lucas/ltlf/peek/peek_1_4_88.ltlf,lucas_mso,1,spot_ltlfilt,0
/RG/rg-fried/alnadav5/ltlf-po-benchmarks/lucas/ltlf/peek/peek_2_4_18.ltlf,lucas_mso,1,spot_ltlfilt,0
/RG/rg-fried/alnadav5/ltlf-po-benchmarks/lucas/ltlf/peek/peek_1_2_81.ltlf,lucas_mso,1,spot_ltlfilt,0
/RG/rg-fried/alnadav5/ltlf-po-benchmarks/lucas/ltlf/peek/peek_2_4_15.ltlf,lucas_mso,1,spot_ltlfilt,0
/RG/rg-fried/alnadav5/ltlf-po-benchmarks/lucas/ltlf/peek/peek_1_4_72.ltlf,lucas_mso,1,spot_ltlfilt,0
/RG/rg-fried/alnadav5/ltlf-po-benchmarks/lucas/ltlf/peek/peek_2_1_13.ltlf,lucas_mso,1,spot_ltlfilt,0
/RG/rg-fried/alnadav5/ltlf-po-benchmarks/lucas/ltlf/peek/peek_1_3_47.ltlf,lucas_mso,1,spot_ltlfilt,0
/RG/rg-fried/alnadav5/ltlf-po-benchmarks/lucas/ltlf/peek/peek_2_3_9.ltlf,lucas_mso,1,spot_ltlfilt,0
/RG/rg-fried/alnadav5/ltlf-po-benchmarks/lucas/ltlf/peek/peek_2_4_6.ltlf,lucas_mso,1,spot_ltlfilt,0
/RG/rg-fried/alnadav5/ltlf-po-benchmarks/lucas/ltlf/peek/peek_2_2_60.ltlf,lucas_mso,1,spot_ltlfilt,0
/RG/rg-fried/alnadav5/ltlf-po-benchmarks/lucas/ltlf/peek/peek_2_3_74.ltlf,lucas_mso,1,spot_ltlfilt,0
/RG/rg-fried/alnadav5/ltlf-po-benchmarks/lucas/ltlf/peek/peek_2_2_99.ltlf,lucas_mso,1,spot_ltlfilt,0
/RG/rg-fried/alnadav5/ltlf-po-benchmarks/lucas/ltlf/peek/peek_2_3_19.ltlf,lucas_mso,1,spot_ltlfilt,0
/RG/rg-fried/alnadav5/ltlf-po-benchmarks/lucas/ltlf/peek/peek_1_4_37.ltlf,lucas_mso,1,spot_ltlfilt,0
/RG/rg-fried/alnadav5/ltlf-po-benchmarks/lucas/ltlf/peek/peek_1_4_49.ltlf,lucas_mso,1,spot_ltlfilt,0
/RG/rg-fried/alnadav5/ltlf-po-benchmarks/lucas/ltlf/peek/peek_2_4_73.ltlf,lucas_mso,1,spot_ltlfilt,0
/RG/rg-fried/alnadav5/ltlf-po-benchmarks/lucas/ltlf/peek/peek_1_3_39.ltlf,lucas_mso,1,spot_ltlfilt,0
/RG/rg-fried/alnadav5/ltlf-po-benchmarks/lucas/ltlf/peek/peek_2_4_81.ltlf,lucas_mso,1,spot_ltlfilt,0
/RG/rg-fried/alnadav5/ltlf-po-benchmarks/lucas/ltlf/peek/peek_2_2_16.ltlf,lucas_mso,1,spot_ltlfilt,0
/RG/rg-fried/alnadav5/ltlf-po-benchmarks/lucas/ltlf/peek/peek_1_2_38.ltlf,lucas_mso,1,spot_ltlfilt,0
/RG/rg-fried/alnadav5/ltlf-po-benchmarks/lucas/ltlf/peek/peek_1_2_94.ltlf,lucas_mso,1,spot_ltlfilt,0
/RG/rg-fried/alnadav5/ltlf-po-benchmarks/lucas/ltlf/peek/peek_2_4_25.ltlf,lucas_mso,1,spot_ltlfilt,0
/RG/rg-fried/alnadav5/ltlf-po-benchmarks/lucas/ltlf/peek/peek_1_4_64.ltlf,lucas_mso,1,spot_ltlfilt,0
/RG/rg-fried/alnadav5/ltlf-po-benchmarks/lucas/ltlf/peek/peek_1_2_96.ltlf,lucas_mso,1,spot_ltlfilt,0
/RG/rg-fried/alnadav5/ltlf-po-benchmarks/lucas/ltlf/peek/peek_1_3_27.ltlf,lucas_mso,1,spot_ltlfilt,0
/RG/rg-fried/alnadav5/ltlf-po-benchmarks/lucas/ltlf/peek/peek_2_2_43.ltlf,lucas_mso,1,spot_ltlfilt,0
/RG/rg-fried/alnadav5/ltlf-po-benchmarks/lucas/ltlf/peek/peek_2_2_54.ltlf,lucas_mso,1,spot_ltlfilt,0
/RG/rg-fried/alnadav5/ltlf-po-benchmarks/lucas/ltlf/peek/peek_1_4_74.ltlf,lucas_mso,1,spot_ltlfilt,0
/RG/rg-fried/alnadav5/ltlf-po-benchmarks/lucas/ltlf/peek/peek_2_2_92.ltlf,lucas_mso,1,spot_ltlfilt,0
/RG/rg-fried/alnadav5/ltlf-po-benchmarks/lucas/ltlf/peek/peek_2_1_52.ltlf,lucas_mso,1,spot_ltlfilt,0
/RG/rg-fried/alnadav5/ltlf-po-benchmarks/lucas/ltlf/peek/peek_2_4_3.ltlf,lucas_mso,1,spot_ltlfilt,0
/RG/rg-fried/alnadav5/ltlf-po-benchmarks/lucas/ltlf/peek/peek_1_3_50.ltlf,lucas_mso,1,spot_ltlfilt,0
/RG/rg-fried/alnadav5/ltlf-po-benchmarks/lucas/ltlf/peek/peek_2_4_12.ltlf,lucas_mso,1,spot_ltlfilt,0
/RG/rg-fried/alnadav5/ltlf-po-benchmarks/lucas/ltlf/peek/peek_2_1_30.ltlf,lucas_mso,1,spot_ltlfilt,0
/RG/rg-fried/alnadav5/ltlf-po-benchmarks/lucas/ltlf/peek/peek_1_1_85.ltlf,lucas_mso,1,spot_ltlfilt,0
/RG/rg-fried/alnadav5/ltlf-po-benchmarks/lucas/ltlf/peek/peek_2_1_45.ltlf,lucas_mso,1,spot_ltlfilt,0
/RG/rg-fried/alnadav5/ltlf-po-benchmarks/lucas/ltlf/peek/peek_2_1_12.ltlf,lucas_mso,1,spot_ltlfilt,0
/RG/rg-fried/alnadav5/ltlf-po-benchmarks/lucas/ltlf/peek/peek_1_4_61.ltlf,lucas_mso,1,spot_ltlfilt,0
/RG/rg-fried/alnadav5/ltlf-po-benchmarks/lucas/ltlf/peek/peek_1_3_93.ltlf,lucas_mso,1,spot_ltlfilt,0
/RG/rg-fried/alnadav5/ltlf-po-benchmarks/lucas/ltlf/peek/peek_1_1_44.ltlf,lucas_mso,1,spot_ltlfilt,0
/RG/rg-fried/alnadav5/ltlf-po-benchmarks/lucas/ltlf/peek/peek_2_4_62.ltlf,lucas_mso,1,spot_ltlfilt,0
/RG/rg-fried/alnadav5/ltlf-po-benchmarks/lucas/ltlf/peek/peek_1_4_13.ltlf,lucas_mso,1,spot_ltlfilt,0
/RG/rg-fried/alnadav5/ltlf-po-benchmarks/lucas/ltlf/peek/peek_2_1_65.ltlf,lucas_mso,1,spot_ltlfilt,0
/RG/rg-fried/alnadav5/ltlf-po-benchmarks/lucas/ltlf/peek/peek_1_3_10.ltlf,lucas_mso,1,spot_ltlfilt,0
/RG/rg-fried/alnadav5/ltlf-po-benchmarks/lucas/ltlf/peek/peek_2_2_35.ltlf,lucas_mso,1,spot_ltlfilt,0
/RG/rg-fried/alnadav5/ltlf-po-benchmarks/lucas/ltlf/peek/peek_1_1_23.ltlf,lucas_mso,1,spot_ltlfilt,0
/RG/rg-fried/alnadav5/ltlf-po-benchmarks/lucas/ltlf/peek/peek_2_3_31.ltlf,lucas_mso,1,spot_ltlfilt,0
/RG/rg-fried/alnadav5/ltlf-po-benchmarks/lucas/ltlf/peek/peek_1_4_52.ltlf,lucas_mso,1,spot_ltlfilt,0
/RG/rg-fried/alnadav5/ltlf-po-benchmarks/lucas/ltlf/peek/peek_2_4_64.ltlf,lucas_mso,1,spot_ltlfilt,0
/RG/rg-fried/alnadav5/ltlf-po-benchmarks/lucas/ltlf/peek/peek_2_1_53.ltlf,lucas_mso,1,spot_ltlfilt,0
/RG/rg-fried/alnadav5/ltlf-po-benchmarks/lucas/ltlf/peek/peek_1_2_16.ltlf,lucas_mso,1,spot_ltlfilt,0
/RG/rg-fried/alnadav5/ltlf-po-benchmarks/lucas/ltlf/peek/peek_1_1_100.ltlf,lucas_mso,1,spot_ltlfilt,0
/RG/rg-fried/alnadav5/ltlf-po-benchmarks/lucas/ltlf/peek/peek_2_1_28.ltlf,lucas_mso,1,spot_ltlfilt,0
/RG/rg-fried/alnadav5/ltlf-po-benchmarks/lucas/ltlf/peek/peek_2_4_4.ltlf,lucas_mso,1,spot_ltlfilt,0
/RG/rg-fried/alnadav5/ltlf-po-benchmarks/lucas/ltlf/peek/peek_2_4_43.ltlf,lucas_mso,1,spot_ltlfilt,0
/RG/rg-fried/alnadav5/ltlf-po-benchmarks/lucas/ltlf/peek/peek_1_2_9.ltlf,lucas_mso,1,spot_ltlfilt,0
/RG/rg-fried/alnadav5/ltlf-po-benchmarks/lucas/ltlf/peek/peek_1_3_68.ltlf,lucas_mso,1,spot_ltlfilt,0
/RG/rg-fried/alnadav5/ltlf-po-benchmarks/lucas/ltlf/peek/peek_1_4_42.ltlf,lucas_mso,1,spot_ltlfilt,0
/RG/rg-fried/alnadav5/ltlf-po-benchmarks/lucas/ltlf/peek/peek_2_1_97.ltlf,lucas_mso,1,spot_ltlfilt,0
/RG/rg-fried/alnadav5/ltlf-po-benchmarks/lucas/ltlf/peek/peek_1_4_28.ltlf,lucas_mso,1,spot_ltlfilt,0
/RG/rg-fried/alnadav5/ltlf-po-benchmarks/lucas/ltlf/peek/peek_1_1_50.ltlf,lucas_mso,1,spot_ltlfilt,0
/RG/rg-fried/alnadav5/ltlf-po-benchmarks/lucas/ltlf/peek/peek_2_1_57.ltlf,lucas_mso,1,spot_ltlfilt,0
/RG/rg-fried/alnadav5/ltlf-po-benchmarks/lucas/ltlf/peek/peek_2_4_46.ltlf,lucas_mso,1,spot_ltlfilt,0
/RG/rg-fried/alnadav5/ltlf-po-benchmarks/lucas/ltlf/peek/peek_1_1_25.ltlf,lucas_mso,1,spot_ltlfilt,0
/RG/rg-fried/alnadav5/ltlf-po-benchmarks/lucas/ltlf/peek/peek_1_1_73.ltlf,lucas_mso,1,spot_ltlfilt,0
/RG/rg-fried/alnadav5/ltlf-po-benchmarks/lucas/ltlf/peek/peek_1_2_10.ltlf,lucas_mso,1,spot_ltlfilt,0
/RG/rg-fried/alnadav5/ltlf-po-benchmarks/lucas/ltlf/peek/peek_2_2_86.ltlf,lucas_mso,1,spot_ltlfilt,0
/RG/rg-fried/alnadav5/ltlf-po-benchmarks/lucas/ltlf/peek/peek_1_3_85.ltlf,lucas_mso,1,spot_ltlfilt,0
/RG/rg-fried/alnadav5/ltlf-po-benchmarks/lucas/ltlf/peek/peek_2_4_96.ltlf,lucas_mso,1,spot_ltlfilt,0
/RG/rg-fried/alnadav5/ltlf-po-benchmarks/lucas/ltlf/peek/peek_1_1_77.ltlf,lucas_mso,1,spot_ltlfilt,0
/RG/rg-fried/alnadav5/ltlf-po-benchmarks/lucas/ltlf/peek/peek_2_4_60.ltlf,lucas_mso,1,spot_ltlfilt,0
/RG/rg-fried/alnadav5/ltlf-po-benchmarks/lucas/ltlf/peek/peek_2_4_32.ltlf,lucas_mso,1,spot_ltlfilt,0
/RG/rg-fried/alnadav5/ltlf-po-benchmarks/lucas/ltlf/peek/peek_1_2_71.ltlf,lucas_mso,1,spot_ltlfilt,0
/RG/rg-fried/alnadav5/ltlf-po-benchmarks/lucas/ltlf/peek/peek_1_1_24.ltlf,lucas_mso,1,spot_ltlfilt,0
/RG/rg-fried/alnadav5/ltlf-po-benchmarks/lucas/ltlf/peek/peek_1_1_54.ltlf,lucas_mso,1,spot_ltlfilt,0
/RG/rg-fried/alnadav5/ltlf-po-benchmarks/lucas/ltlf/peek/peek_1_1_63.ltlf,lucas_mso,1,spot_ltlfilt,0
/RG/rg-fried/alnadav5/ltlf-po-benchmarks/lucas/ltlf/peek/peek_2_3_10.ltlf,lucas_mso,1,spot_ltlfilt,0
/RG/rg-fried/alnadav5/ltlf-po-benchmarks/lucas/ltlf/peek/peek_1_4_6.ltlf,lucas_mso,1,spot_ltlfilt,0
/RG/rg-fried/alnadav5/ltlf-po-benchmarks/lucas/ltlf/peek/peek_1_4_85.ltlf,lucas_mso,1,spot_ltlfilt,0
/RG/rg-fried/alnadav5/ltlf-po-benchmarks/lucas/ltlf/peek/peek_2_1_3.ltlf,lucas_mso,1,spot_ltlfilt,0
/RG/rg-fried/alnadav5/ltlf-po-benchmarks/lucas/ltlf/peek/peek_2_2_28.ltlf,lucas_mso,1,spot_ltlfilt,0
/RG/rg-fried/alnadav5/ltlf-po-benchmarks/lucas/ltlf/peek/peek_2_3_45.ltlf,lucas_mso,1,spot_ltlfilt,0
/RG/rg-fried/alnadav5/ltlf-po-benchmarks/lucas/ltlf/peek/peek_1_3_44.ltlf,lucas_mso,1,spot_ltlfilt,0
/RG/rg-fried/alnadav5/ltlf-po-benchmarks/lucas/ltlf/peek/peek_2_1_86.ltlf,lucas_mso,1,spot_ltlfilt,0
/RG/rg-fried/alnadav5/ltlf-po-benchmarks/lucas/ltlf/peek/peek_1_3_3.ltlf,lucas_mso,1,spot_ltlfilt,0
/RG/rg-fried/alnadav5/ltlf-po-benchmarks/lucas/ltlf/peek/peek_2_1_74.ltlf,lucas_mso,1,spot_ltlfilt,0
/RG/rg-fried/alnadav5/ltlf-po-benchmarks/lucas/ltlf/peek/peek_1_1_49.ltlf,lucas_mso,1,spot_ltlfilt,0
/RG/rg-fried/alnadav5/ltlf-po-benchmarks/lucas/ltlf/peek/peek_1_3_72.ltlf,lucas_mso,1,spot_ltlfilt,0
/RG/rg-fried/alnadav5/ltlf-po-benchmarks/lucas/ltlf/peek/peek_2_4_7.ltlf,lucas_mso,1,spot_ltlfilt,0
/RG/rg-fried/alnadav5/ltlf-po-benchmarks/lucas/ltlf/peek/peek_2_4_47.ltlf,lucas_mso,1,spot_ltlfilt,0
/RG/rg-fried/alnadav5/ltlf-po-benchmarks/lucas/ltlf/peek/peek_1_2_8.ltlf,lucas_mso,1,spot_ltlfilt,0
/RG/rg-fried/alnadav5/ltlf-po-benchmarks/lucas/ltlf/peek/peek_1_2_7.ltlf,lucas_mso,1,spot_ltlfilt,0
/RG/rg-fried/alnadav5/ltlf-po-benchmarks/lucas/ltlf/peek/peek_1_4_11.ltlf,lucas_mso,1,spot_ltlfilt,0
/RG/rg-fried/alnadav5/ltlf-po-benchmarks/lucas/ltlf/peek/peek_1_4_86.ltlf,lucas_mso,1,spot_ltlfilt,0
/RG/rg-fried/alnadav5/ltlf-po-benchmarks/lucas/ltlf/peek/peek_2_3_70.ltlf,lucas_mso,1,spot_ltlfilt,0
/RG/rg-fried/alnadav5/ltlf-po-benchmarks/lucas/ltlf/peek/peek_1_2_59.ltlf,lucas_mso,1,spot_ltlfilt,0
/RG/rg-fried/alnadav5/ltlf-po-benchmarks/lucas/ltlf/peek/peek_1_2_76.ltlf,lucas_mso,1,spot_ltlfilt,0
/RG/rg-fried/alnadav5/ltlf-po-benchmarks/lucas/ltlf/peek/peek_2_2_57.ltlf,lucas_mso,1,spot_ltlfilt,0
/RG/rg-fried/alnadav5/ltlf-po-benchmarks/lucas/ltlf/peek/peek_2_2_78.ltlf,lucas_mso,1,spot_ltlfilt,0
/RG/rg-fried/alnadav5/ltlf-po-benchmarks/lucas/ltlf/peek/peek_1_2_57.ltlf,lucas_mso,1,spot_ltlfilt,0
/RG/rg-fried/alnadav5/ltlf-po-benchmarks/lucas/ltlf/peek/peek_1_3_53.ltlf,lucas_mso,1,spot_ltlfilt,0
/RG/rg-fried/alnadav5/ltlf-po-benchmarks/lucas/ltlf/peek/peek_1_2_3.ltlf,lucas_mso,1,spot_ltlfilt,0
/RG/rg-fried/alnadav5/ltlf-po-benchmarks/lucas/ltlf/peek/peek_2_2_31.ltlf,lucas_mso,1,spot_ltlfilt,0
/RG/rg-fried/alnadav5/ltlf-po-benchmarks/lucas/ltlf/peek/peek_1_1_92.ltlf,lucas_mso,1,spot_ltlfilt,0
/RG/rg-fried/alnadav5/ltlf-po-benchmarks/lucas/ltlf/peek/peek_1_4_41.ltlf,lucas_mso,1,spot_ltlfilt,0
/RG/rg-fried/alnadav5/ltlf-po-benchmarks/lucas/ltlf/peek/peek_2_3_73.ltlf,lucas_mso,1,spot_ltlfilt,0
/RG/rg-fried/alnadav5/ltlf-po-benchmarks/lucas/ltlf/peek/peek_1_3_23.ltlf,lucas_mso,1,spot_ltlfilt,0
/RG/rg-fried/alnadav5/ltlf-po-benchmarks/lucas/ltlf/peek/peek_1_1_75.ltlf,lucas_mso,1,spot_ltlfilt,0
/RG/rg-fried/alnadav5/ltlf-po-benchmarks/lucas/ltlf/peek/peek_2_3_83.ltlf,lucas_mso,1,spot_ltlfilt,0
/RG/rg-fried/alnadav5/ltlf-po-benchmarks/lucas/ltlf/peek/peek_1_1_37.ltlf,lucas_mso,1,spot_ltlfilt,0
/RG/rg-fried/alnadav5/ltlf-po-benchmarks/lucas/ltlf/peek/peek_1_3_17.ltlf,lucas_mso,1,spot_ltlfilt,0
/RG/rg-fried/alnadav5/ltlf-po-benchmarks/lucas/ltlf/peek/peek_2_1_78.ltlf,lucas_mso,1,spot_ltlfilt,0
/RG/rg-fried/alnadav5/ltlf-po-benchmarks/lucas/ltlf/peek/peek_1_3_95.ltlf,lucas_mso,1,spot_ltlfilt,0
/RG/rg-fried/alnadav5/ltlf-po-benchmarks/lucas/ltlf/peek/peek_1_2_97.ltlf,lucas_mso,1,spot_ltlfilt,0
/RG/rg-fried/alnadav5/ltlf-po-benchmarks/lucas/ltlf/peek/peek_2_4_61.ltlf,lucas_mso,1,spot_ltlfilt,0
/RG/rg-fried/alnadav5/ltlf-po-benchmarks/lucas/ltlf/peek/peek_2_1_71.ltlf,lucas_mso,1,spot_ltlfilt,0
/RG/rg-fried/alnadav5/ltlf-po-benchmarks/lucas/ltlf/peek/peek_1_3_62.ltlf,lucas_mso,1,spot_ltlfilt,0
/RG/rg-fried/alnadav5/ltlf-po-benchmarks/lucas/ltlf/seek_5.ltlf,lucas_mso,1,spot_ltlfilt,0
/RG/rg-fried/alnadav5/ltlf-po-benchmarks/lucas/ltlf/peek/peek_1_2_23.ltlf,lucas_mso,1,spot_ltlfilt,0
/RG/rg-fried/alnadav5/ltlf-po-benchmarks/lucas/ltlf/peek/peek_2_3_18.ltlf,lucas_mso,1,spot_ltlfilt,0
/RG/rg-fried/alnadav5/ltlf-po-benchmarks/lucas/ltlf/peek/peek_2_4_39.ltlf,lucas_mso,1,spot_ltlfilt,0
/RG/rg-fried/alnadav5/ltlf-po-benchmarks/lucas/ltlf/peek/peek_1_3_2.ltlf,lucas_mso,1,spot_ltlfilt,0
/RG/rg-fried/alnadav5/ltlf-po-benchmarks/lucas/ltlf/peek/peek_2_3_64.ltlf,lucas_mso,1,spot_ltlfilt,0
/RG/rg-fried/alnadav5/ltlf-po-benchmarks/lucas/ltlf/peek/peek_2_2_87.ltlf,lucas_mso,1,spot_ltlfilt,0
/RG/rg-fried/alnadav5/ltlf-po-benchmarks/lucas/ltlf/peek/peek_2_4_48.ltlf,lucas_mso,1,spot_ltlfilt,0
/RG/rg-fried/alnadav5/ltlf-po-benchmarks/lucas/ltlf/peek/peek_2_2_41.ltlf,lucas_mso,1,spot_ltlfilt,0
/RG/rg-fried/alnadav5/ltlf-po-benchmarks/lucas/ltlf/peek/peek_1_2_26.ltlf,lucas_mso,1,spot_ltlfilt,0
/RG/rg-fried/alnadav5/ltlf-po-benchmarks/lucas/ltlf/peek/peek_1_4_87.ltlf,lucas_mso,1,spot_ltlfilt,0
/RG/rg-fried/alnadav5/ltlf-po-benchmarks/lucas/ltlf/peek/peek_2_2_8.ltlf,lucas_mso,1,spot_ltlfilt,0
/RG/rg-fried/alnadav5/ltlf-po-benchmarks/lucas/ltlf/peek/peek_2_4_21.ltlf,lucas_mso,1,spot_ltlfilt,0
/RG/rg-fried/alnadav5/ltlf-po-benchmarks/lucas/ltlf/peek/peek_2_2_81.ltlf,lucas_mso,1,spot_ltlfilt,0
/RG/rg-fried/alnadav5/ltlf-po-benchmarks/lucas/ltlf/peek/peek_1_4_27.ltlf,lucas_mso,1,spot_ltlfilt,0
/RG/rg-fried/alnadav5/ltlf-po-benchmarks/lucas/ltlf/peek/peek_2_3_47.ltlf,lucas_mso,1,spot_ltlfilt,0
/RG/rg-fried/alnadav5/ltlf-po-benchmarks/lucas/ltlf/peek/peek_1_2_92.ltlf,lucas_mso,1,spot_ltlfilt,0
/RG/rg-fried/alnadav5/ltlf-po-benchmarks/lucas/ltlf/peek/peek_2_3_38.ltlf,lucas_mso,1,spot_ltlfilt,0
/RG/rg-fried/alnadav5/ltlf-po-benchmarks/lucas/ltlf/peek/peek_1_3_87.ltlf,lucas_mso,1,spot_ltlfilt,0
/RG/rg-fried/alnadav5/ltlf-po-benchmarks/lucas/ltlf/peek/peek_1_3_4.ltlf,lucas_mso,1,spot_ltlfilt,0
/RG/rg-fried/alnadav5/ltlf-po-benchmarks/lucas/ltlf/peek/peek_1_4_96.ltlf,lucas_mso,1,spot_ltlfilt,0
/RG/rg-fried/alnadav5/ltlf-po-benchmarks/lucas/ltlf/peek/peek_1_2_60.ltlf,lucas_mso,1,spot_ltlfilt,0
/RG/rg-fried/alnadav5/ltlf-po-benchmarks/lucas/ltlf/peek/peek_1_1_5.ltlf,lucas_mso,1,spot_ltlfilt,0
/RG/rg-fried/alnadav5/ltlf-po-benchmarks/lucas/ltlf/peek/peek_1_2_22.ltlf,lucas_mso,1,spot_ltlfilt,0
/RG/rg-fried/alnadav5/ltlf-po-benchmarks/lucas/ltlf/peek/peek_1_4_7.ltlf,lucas_mso,1,spot_ltlfilt,0
/RG/rg-fried/alnadav5/ltlf-po-benchmarks/lucas/ltlf/peek/peek_1_2_61.ltlf,lucas_mso,1,spot_ltlfilt,0
/RG/rg-fried/alnadav5/ltlf-po-benchmarks/lucas/ltlf/peek/peek_1_4_45.ltlf,lucas_mso,1,spot_ltlfilt,0
/RG/rg-fried/alnadav5/ltlf-po-benchmarks/lucas/ltlf/peek/peek_2_2_7.ltlf,lucas_mso,1,spot_ltlfilt,0
/RG/rg-fried/alnadav5/ltlf-po-benchmarks/lucas/ltlf/peek/peek_2_2_42.ltlf,lucas_mso,1,spot_ltlfilt,0
/RG/rg-fried/alnadav5/ltlf-po-benchmarks/lucas/ltlf/peek/peek_1_3_51.ltlf,lucas_mso,1,spot_ltlfilt,0
/RG/rg-fried/alnadav5/ltlf-po-benchmarks/lucas/ltlf/peek/peek_2_4_99.ltlf,lucas_mso,1,spot_ltlfilt,0
/RG/rg-fried/alnadav5/ltlf-po-benchmarks/lucas/ltlf/peek/peek_2_3_42.ltlf,lucas_mso,1,spot_ltlfilt,0
/RG/rg-fried/alnadav5/ltlf-po-benchmarks/lucas/ltlf/peek/peek_2_4_16.ltlf,lucas_mso,1,spot_ltlfilt,0
/RG/rg-fried/alnadav5/ltlf-po-benchmarks/lucas/ltlf/peek/peek_1_3_91.ltlf,lucas_mso,1,spot_ltlfilt,0
/RG/rg-fried/alnadav5/ltlf-po-benchmarks/lucas/ltlf/peek/peek_1_4_40.ltlf,lucas_mso,1,spot_ltlfilt,0
/RG/rg-fried/alnadav5/ltlf-po-benchmarks/lucas/ltlf/peek/peek_2_2_2.ltlf,lucas_mso,1,spot_ltlfilt,0
/RG/rg-fried/alnadav5/ltlf-po-benchmarks/lucas/ltlf/peek/peek_1_2_65.ltlf,lucas_mso,1,spot_ltlfilt,0
/RG/rg-fried/alnadav5/ltlf-po-benchmarks/lucas/ltlf/peek/peek_1_1_38.ltlf,lucas_mso,1,spot_ltlfilt,0
/RG/rg-fried/alnadav5/ltlf-po-benchmarks/lucas/ltlf/peek/peek_1_4_55.ltlf,lucas_mso,1,spot_ltlfilt,0
/RG/rg-fried/alnadav5/ltlf-po-benchmarks/lucas/ltlf/peek/peek_2_1_8.ltlf,lucas_mso,1,spot_ltlfilt,0
/RG/rg-fried/alnadav5/ltlf-po-benchmarks/lucas/ltlf/peek/peek_1_3_100.ltlf,lucas_mso,1,spot_ltlfilt,0
/RG/rg-fried/alnadav5/ltlf-po-benchmarks/lucas/ltlf/peek/peek_2_3_2.ltlf,lucas_mso,1,spot_ltlfilt,0
/RG/rg-fried/alnadav5/ltlf-po-benchmarks/lucas/ltlf/peek/peek_1_1_60.ltlf,lucas_mso,1,spot_ltlfilt,0
/RG/rg-fried/alnadav5/ltlf-po-benchmarks/lucas/ltlf/peek/peek_2_2_98.ltlf,lucas_mso,1,spot_ltlfilt,0
/RG/rg-fried/alnadav5/ltlf-po-benchmarks/lucas/ltlf/peek/peek_1_1_45.ltlf,lucas_mso,1,spot_ltlfilt,0
/RG/rg-fried/alnadav5/ltlf-po-benchmarks/lucas/ltlf/seek_3.ltlf,lucas_mso,1,spot_ltlfilt,0
/RG/rg-fried/alnadav5/ltlf-po-benchmarks/lucas/ltlf/peek/peek_1_4_12.ltlf,lucas_mso,1,spot_ltlfilt,0
/RG/rg-fried/alnadav5/ltlf-po-benchmarks/lucas/ltlf/peek/peek_2_4_9.ltlf,lucas_mso,1,spot_ltlfilt,0
/RG/rg-fried/alnadav5/ltlf-po-benchmarks/lucas/ltlf/peek/peek_1_1_53.ltlf,lucas_mso,1,spot_ltlfilt,0
/RG/rg-fried/alnadav5/ltlf-po-benchmarks/lucas/ltlf/peek/peek_1_3_9.ltlf,lucas_mso,1,spot_ltlfilt,0
/RG/rg-fried/alnadav5/ltlf-po-benchmarks/lucas/ltlf/peek/peek_2_3_39.ltlf,lucas_mso,1,spot_ltlfilt,0
/RG/rg-fried/alnadav5/ltlf-po-benchmarks/lucas/ltlf/peek/peek_1_2_36.ltlf,lucas_mso,1,spot_ltlfilt,0
/RG/rg-fried/alnadav5/ltlf-po-benchmarks/lucas/ltlf/seek_4.ltlf,lucas_mso,1,spot_ltlfilt,0
/RG/rg-fried/alnadav5/ltlf-po-benchmarks/lucas/ltlf/peek/peek_2_3_46.ltlf,lucas_mso,1,spot_ltlfilt,0
/RG/rg-fried/alnadav5/ltlf-po-benchmarks/lucas/ltlf/peek/peek_1_4_46.ltlf,lucas_mso,1,spot_ltlfilt,0
/RG/rg-fried/alnadav5/ltlf-po-benchmarks/lucas/ltlf/peek/peek_2_3_7.ltlf,lucas_mso,1,spot_ltlfilt,0
/RG/rg-fried/alnadav5/ltlf-po-benchmarks/lucas/ltlf/peek/peek_1_3_5.ltlf,lucas_mso,1,spot_ltlfilt,0
/RG/rg-fried/alnadav5/ltlf-po-benchmarks/lucas/ltlf/peek/peek_2_4_51.ltlf,lucas_mso,1,spot_ltlfilt,0
/RG/rg-fried/alnadav5/ltlf-po-benchmarks/lucas/ltlf/peek/peek_1_4_84.ltlf,lucas_mso,1,spot_ltlfilt,0
/RG/rg-fried/alnadav5/ltlf-po-benchmarks/lucas/ltlf/peek/peek_1_4_15.ltlf,lucas_mso,1,spot_ltlfilt,0
/RG/rg-fried/alnadav5/ltlf-po-benchmarks/lucas/ltlf/peek/peek_1_4_76.ltlf,lucas_mso,1,spot_ltlfilt,0
/RG/rg-fried/alnadav5/ltlf-po-benchmarks/lucas/ltlf/peek/peek_1_2_74.ltlf,lucas_mso,1,spot_ltlfilt,0
/RG/rg-fried/alnadav5/ltlf-po-benchmarks/lucas/ltlf/peek/peek_1_2_43.ltlf,lucas_mso,1,spot_ltlfilt,0
/RG/rg-fried/alnadav5/ltlf-po-benchmarks/lucas/ltlf/peek/peek_2_3_3.ltlf,lucas_mso,1,spot_ltlfilt,0
/RG/rg-fried/alnadav5/ltlf-po-benchmarks/lucas/ltlf/peek/peek_1_3_83.ltlf,lucas_mso,1,spot_ltlfilt,0
/RG/rg-fried/alnadav5/ltlf-po-benchmarks/lucas/ltlf/peek/peek_1_2_50.ltlf,lucas_mso,1,spot_ltlfilt,0
/RG/rg-fried/alnadav5/ltlf-po-benchmarks/lucas/ltlf/peek/peek_1_1_79.ltlf,lucas_mso,1,spot_ltlfilt,0
/RG/rg-fried/alnadav5/ltlf-po-benchmarks/lucas/ltlf/peek/peek_2_4_53.ltlf,lucas_mso,1,spot_ltlfilt,0
/RG/rg-fried/alnadav5/ltlf-po-benchmarks/lucas/ltlf/peek/peek_1_3_34.ltlf,lucas_mso,1,spot_ltlfilt,0
/RG/rg-fried/alnadav5/ltlf-po-benchmarks/lucas/ltlf/peek/peek_2_4_82.ltlf,lucas_mso,1,spot_ltlfilt,0
/RG/rg-fried/alnadav5/ltlf-po-benchmarks/lucas/ltlf/peek/peek_1_3_38.ltlf,lucas_mso,1,spot_ltlfilt,0
/RG/rg-fried/alnadav5/ltlf-po-benchmarks/lucas/ltlf/peek/peek_1_3_25.ltlf,lucas_mso,1,spot_ltlfilt,0
/RG/rg-fried/alnadav5/ltlf-po-benchmarks/lucas/ltlf/peek/peek_1_1_74.ltlf,lucas_mso,1,spot_ltlfilt,0
/RG/rg-fried/alnadav5/ltlf-po-benchmarks/lucas/ltlf/peek/peek_1_4_14.ltlf,lucas_mso,1,spot_ltlfilt,0
/RG/rg-fried/alnadav5/ltlf-po-benchmarks/lucas/ltlf/peek/peek_2_1_46.ltlf,lucas_mso,1,spot_ltlfilt,0
/RG/rg-fried/alnadav5/ltlf-po-benchmarks/lucas/ltlf/peek/peek_2_1_32.ltlf,lucas_mso,1,spot_ltlfilt,0
/RG/rg-fried/alnadav5/ltlf-po-benchmarks/lucas/ltlf/peek/peek_1_2_19.ltlf,lucas_mso,1,spot_ltlfilt,0
/RG/rg-fried/alnadav5/ltlf-po-benchmarks/lucas/ltlf/peek/peek_1_2_42.ltlf,lucas_mso,1,spot_ltlfilt,0
/RG/rg-fried/alnadav5/ltlf-po-benchmarks/lucas/ltlf/peek/peek_2_3_54.ltlf,lucas_mso,1,spot_ltlfilt,0
/RG/rg-fried/alnadav5/ltlf-po-benchmarks/lucas/ltlf/peek/peek_2_3_77.ltlf,lucas_mso,1,spot_ltlfilt,0
/RG/rg-fried/alnadav5/ltlf-po-benchmarks/lucas/ltlf/peek/peek_1_3_54.ltlf,lucas_mso,1,spot_ltlfilt,0
/RG/rg-fried/alnadav5/ltlf-po-benchmarks/lucas/ltlf/peek/peek_2_1_89.ltlf,lucas_mso,1,spot_ltlfilt,0
/RG/rg-fried/alnadav5/ltlf-po-benchmarks/lucas/ltlf/peek/peek_1_1_41.ltlf,lucas_mso,1,spot_ltlfilt,0
/RG/rg-fried/alnadav5/ltlf-po-benchmarks/lucas/ltlf/peek/peek_2_2_66.ltlf,lucas_mso,1,spot_ltlfilt,0
/RG/rg-fried/alnadav5/ltlf-po-benchmarks/lucas/ltlf/peek/peek_2_4_5.ltlf,lucas_mso,1,spot_ltlfilt,0
/RG/rg-fried/alnadav5/ltlf-po-benchmarks/lucas/ltlf/peek/peek_2_3_12.ltlf,lucas_mso,1,spot_ltlfilt,0
/RG/rg-fried/alnadav5/ltlf-po-benchmarks/lucas/ltlf/peek/peek_2_3_1.ltlf,lucas_mso,1,spot_ltlfilt,0
/RG/rg-fried/alnadav5/ltlf-po-benchmarks/lucas/ltlf/peek/peek_2_4_49.ltlf,lucas_mso,1,spot_ltlfilt,0
/RG/rg-fried/alnadav5/ltlf-po-benchmarks/lucas/ltlf/peek/peek_2_2_18.ltlf,lucas_mso,1,spot_ltlfilt,0
/RG/rg-fried/alnadav5/ltlf-po-benchmarks/lucas/ltlf/peek/peek_2_2_52.ltlf,lucas_mso,1,spot_ltlfilt,0
/RG/rg-fried/alnadav5/ltlf-po-benchmarks/lucas/ltlf/peek/peek_2_4_65.ltlf,lucas_mso,1,spot_ltlfilt,0
/RG/rg-fried/alnadav5/ltlf-po-benchmarks/lucas/ltlf/peek/peek_2_3_85.ltlf,lucas_mso,1,spot_ltlfilt,0
/RG/rg-fried/alnadav5/ltlf-po-benchmarks/lucas/ltlf/peek/peek_1_1_30.ltlf,lucas_mso,1,spot_ltlfilt,0
/RG/rg-fried/alnadav5/ltlf-po-benchmarks/lucas/ltlf/peek/peek_2_4_77.ltlf,lucas_mso,1,spot_ltlfilt,0
/RG/rg-fried/alnadav5/ltlf-po-benchmarks/lucas/ltlf/peek/peek_1_2_55.ltlf,lucas_mso,1,spot_ltlfilt,0
/RG/rg-fried/alnadav5/ltlf-po-benchmarks/lucas/ltlf/peek/peek_1_2_63.ltlf,lucas_mso,1,spot_ltlfilt,0
/RG/rg-fried/alnadav5/ltlf-po-benchmarks/lucas/ltlf/peek/peek_1_3_18.ltlf,lucas_mso,1,spot_ltlfilt,0
/RG/rg-fried/alnadav5/ltlf-po-benchmarks/lucas/ltlf/peek/peek_2_1_26.ltlf,lucas_mso,1,spot_ltlfilt,0
/RG/rg-fried/alnadav5/ltlf-po-benchmarks/lucas/ltlf/peek/peek_1_1_33.ltlf,lucas_mso,1,spot_ltlfilt,0
/RG/rg-fried/alnadav5/ltlf-po-benchmarks/lucas/ltlf/peek/peek_1_1_81.ltlf,lucas_mso,1,spot_ltlfilt,0
/RG/rg-fried/alnadav5/ltlf-po-benchmarks/lucas/ltlf/peek/peek_2_2_14.ltlf,lucas_mso,1,spot_ltlfilt,0
/RG/rg-fried/alnadav5/ltlf-po-benchmarks/lucas/ltlf/peek/peek_2_4_68.ltlf,lucas_mso,1,spot_ltlfilt,0
/RG/rg-fried/alnadav5/ltlf-po-benchmarks/lucas/ltlf/peek/peek_1_2_32.ltlf,lucas_mso,1,spot_ltlfilt,0
/RG/rg-fried/alnadav5/ltlf-po-benchmarks/lucas/ltlf/peek/peek_2_4_37.ltlf,lucas_mso,1,spot_ltlfilt,0
/RG/rg-fried/alnadav5/ltlf-po-benchmarks/lucas/ltlf/peek/peek_2_2_21.ltlf,lucas_mso,1,spot_ltlfilt,0
/RG/rg-fried/alnadav5/ltlf-po-benchmarks/lucas/ltlf/peek/peek_1_3_12.ltlf,lucas_mso,1,spot_ltlfilt,0
/RG/rg-fried/alnadav5/ltlf-po-benchmarks/lucas/ltlf/peek/peek_1_4_51.ltlf,lucas_mso,1,spot_ltlfilt,0
/RG/rg-fried/alnadav5/ltlf-po-benchmarks/lucas/ltlf/peek/peek_2_2_97.ltlf,lucas_mso,1,spot_ltlfilt,0
/RG/rg-fried/alnadav5/ltlf-po-benchmarks/lucas/ltlf/peek/peek_2_3_57.ltlf,lucas_mso,1,spot_ltlfilt,0
/RG/rg-fried/alnadav5/ltlf-po-benchmarks/lucas/ltlf/peek/peek_2_2_75.ltlf,lucas_mso,1,spot_ltlfilt,0
/RG/rg-fried/alnadav5/ltlf-po-benchmarks/lucas/ltlf/peek/peek_2_4_78.ltlf,lucas_mso,1,spot_ltlfilt,0
/RG/rg-fried/alnadav5/ltlf-po-benchmarks/lucas/ltlf/peek/peek_1_3_40.ltlf,lucas_mso,1,spot_ltlfilt,0
/RG/rg-fried/alnadav5/ltlf-po-benchmarks/lucas/ltlf/peek/peek_2_2_26.ltlf,lucas_mso,1,spot_ltlfilt,0
/RG/rg-fried/alnadav5/ltlf-po-benchmarks/lucas/ltlf/peek/peek_2_4_89.ltlf,lucas_mso,1,spot_ltlfilt,0
/RG/rg-fried/alnadav5/ltlf-po-benchmarks/lucas/ltlf/peek/peek_1_4_19.ltlf,lucas_mso,1,spot_ltlfilt,0
/RG/rg-fried/alnadav5/ltlf-po-benchmarks/lucas/ltlf/peek/peek_1_4_89.ltlf,lucas_mso,1,spot_ltlfilt,0
/RG/rg-fried/alnadav5/ltlf-po-benchmarks/lucas/ltlf/peek/peek_2_3_68.ltlf,lucas_mso,1,spot_ltlfilt,0
/RG/rg-fried/alnadav5/ltlf-po-benchmarks/lucas/ltlf/peek/peek_1_4_73.ltlf,lucas_mso,1,spot_ltlfilt,0
/RG/rg-fried/alnadav5/ltlf-po-benchmarks/lucas/ltlf/peek/peek_1_2_46.ltlf,lucas_mso,1,spot_ltlfilt,0
/RG/rg-fried/alnadav5/ltlf-po-benchmarks/lucas/ltlf/peek/peek_2_1_73.ltlf,lucas_mso,1,spot_ltlfilt,0
/RG/rg-fried/alnadav5/ltlf-po-benchmarks/lucas/ltlf/peek/peek_1_3_78.ltlf,lucas_mso,1,spot_ltlfilt,0
/RG/rg-fried/alnadav5/ltlf-po-benchmarks/lucas/ltlf/peek/peek_2_1_34.ltlf,lucas_mso,1,spot_ltlfilt,0
/RG/rg-fried/alnadav5/ltlf-po-benchmarks/lucas/ltlf/peek/peek_2_4_59.ltlf,lucas_mso,1,spot_ltlfilt,0
/RG/rg-fried/alnadav5/ltlf-po-benchmarks/lucas/ltlf/peek/peek_1_2_85.ltlf,lucas_mso,1,spot_ltlfilt,0
/RG/rg-fried/alnadav5/ltlf-po-benchmarks/lucas/ltlf/peek/peek_2_3_8.ltlf,lucas_mso,1,spot_ltlfilt,0
/RG/rg-fried/alnadav5/ltlf-po-benchmarks/lucas/ltlf/peek/peek_2_3_71.ltlf,lucas_mso,1,spot_ltlfilt,0
/RG/rg-fried/alnadav5/ltlf-po-benchmarks/lucas/ltlf/peek/peek_2_3_60.ltlf,lucas_mso,1,spot_ltlfilt,0
/RG/rg-fried/alnadav5/ltlf-po-benchmarks/lucas/ltlf/peek/peek_1_4_32.ltlf,lucas_mso,1,spot_ltlfilt,0
/RG/rg-fried/alnadav5/ltlf-po-benchmarks/lucas/ltlf/peek/peek_1_1_16.ltlf,lucas_mso,1,spot_ltlfilt,0
/RG/rg-fried/alnadav5/ltlf-po-benchmarks/lucas/ltlf/peek/peek_1_2_39.ltlf,lucas_mso,1,spot_ltlfilt,0
/RG/rg-fried/alnadav5/ltlf-po-benchmarks/lucas/ltlf/peek/peek_2_2_51.ltlf,lucas_mso,1,spot_ltlfilt,0
/RG/rg-fried/alnadav5/ltlf-po-benchmarks/lucas/ltlf/peek/peek_1_2_24.ltlf,lucas_mso,1,spot_ltlfilt,0
/RG/rg-fried/alnadav5/ltlf-po-benchmarks/lucas/ltlf/peek/peek_1_3_36.ltlf,lucas_mso,1,spot_ltlfilt,0
/RG/rg-fried/alnadav5/ltlf-po-benchmarks/lucas/ltlf/peek/peek_2_2_12.ltlf,lucas_mso,1,spot_ltlfilt,0
/RG/rg-fried/alnadav5/ltlf-po-benchmarks/lucas/ltlf/peek/peek_1_4_54.ltlf,lucas_mso,1,spot_ltlfilt,0
/RG/rg-fried/alnadav5/ltlf-po-benchmarks/lucas/ltlf/peek/peek_1_3_77.ltlf,lucas_mso,1,spot_ltlfilt,0
/RG/rg-fried/alnadav5/ltlf-po-benchmarks/lucas/ltlf/peek/peek_2_4_58.ltlf,lucas_mso,1,spot_ltlfilt,0
/RG/rg-fried/alnadav5/ltlf-po-benchmarks/lucas/ltlf/peek/peek_2_4_91.ltlf,lucas_mso,1,spot_ltlfilt,0
/RG/rg-fried/alnadav5/ltlf-po-benchmarks/lucas/ltlf/peek/peek_1_1_58.ltlf,lucas_mso,1,spot_ltlfilt,0
/RG/rg-fried/alnadav5/ltlf-po-benchmarks/lucas/ltlf/peek/peek_1_4_100.ltlf,lucas_mso,1,spot_ltlfilt,0
/RG/rg-fried/alnadav5/ltlf-po-benchmarks/lucas/ltlf/peek/peek_1_1_69.ltlf,lucas_mso,1,spot_ltlfilt,0
/RG/rg-fried/alnadav5/ltlf-po-benchmarks/lucas/ltlf/peek/peek_1_2_37.ltlf,lucas_mso,1,spot_ltlfilt,0
/RG/rg-fried/alnadav5/ltlf-po-benchmarks/lucas/ltlf/peek/peek_2_4_86.ltlf,lucas_mso,1,spot_ltlfilt,0
/RG/rg-fried/alnadav5/ltlf-po-benchmarks/lucas/ltlf/peek/peek_1_3_75.ltlf,lucas_mso,1,spot_ltlfilt,0
/RG/rg-fried/alnadav5/ltlf-po-benchmarks/lucas/ltlf/peek/peek_1_3_24.ltlf,lucas_mso,1,spot_ltlfilt,0
/RG/rg-fried/alnadav5/ltlf-po-benchmarks/lucas/ltlf/peek/peek_1_2_66.ltlf,lucas_mso,1,spot_ltlfilt,0
/RG/rg-fried/alnadav5/ltlf-po-benchmarks/lucas/ltlf/peek/peek_2_4_79.ltlf,lucas_mso,1,spot_ltlfilt,0
/RG/rg-fried/alnadav5/ltlf-po-benchmarks/lucas/ltlf/peek/peek_2_2_96.ltlf,lucas_mso,1,spot_ltlfilt,0
/RG/rg-fried/alnadav5/ltlf-po-benchmarks/lucas/ltlf/peek/peek_2_4_54.ltlf,lucas_mso,1,spot_ltlfilt,0
/RG/rg-fried/alnadav5/ltlf-po-benchmarks/lucas/ltlf/peek/peek_1_2_70.ltlf,lucas_mso,1,spot_ltlfilt,0
/RG/rg-fried/alnadav5/ltlf-po-benchmarks/lucas/ltlf/peek/peek_2_2_69.ltlf,lucas_mso,1,spot_ltlfilt,0
/RG/rg-fried/alnadav5/ltlf-po-benchmarks/lucas/ltlf/peek/peek_2_4_52.ltlf,lucas_mso,1,spot_ltlfilt,0
/RG/rg-fried/alnadav5/ltlf-po-benchmarks/lucas/ltlf/peek/peek_2_3_93.ltlf,lucas_mso,1,spot_ltlfilt,0
/RG/rg-fried/alnadav5/ltlf-po-benchmarks/lucas/ltlf/peek/peek_2_1_69.ltlf,lucas_mso,1,spot_ltlfilt,0
/RG/rg-fried/alnadav5/ltlf-po-benchmarks/lucas/ltlf/peek/peek_1_3_82.ltlf,lucas_mso,1,spot_ltlfilt,0
/RG/rg-fried/alnadav5/ltlf-po-benchmarks/lucas/ltlf/peek/peek_2_4_35.ltlf,lucas_mso,1,spot_ltlfilt,0
/RG/rg-fried/alnadav5/ltlf-po-benchmarks/lucas/ltlf/peek/peek_1_2_49.ltlf,lucas_mso,1,spot_ltlfilt,0
/RG/rg-fried/alnadav5/ltlf-po-benchmarks/lucas/ltlf/peek/peek_2_4_94.ltlf,lucas_mso,1,spot_ltlfilt,0
/RG/rg-fried/alnadav5/ltlf-po-benchmarks/lucas/ltlf/peek/peek_2_3_58.ltlf,lucas_mso,1,spot_ltlfilt,0
/RG/rg-fried/alnadav5/ltlf-po-benchmarks/lucas/ltlf/peek/peek_2_4_100.ltlf,lucas_mso,1,spot_ltlfilt,0
/RG/rg-fried/alnadav5/ltlf-po-benchmarks/lucas/ltlf/peek/peek_1_4_3.ltlf,lucas_mso,1,spot_ltlfilt,0
/RG/rg-fried/alnadav5/ltlf-po-benchmarks/lucas/ltlf/peek/peek_1_2_93.ltlf,lucas_mso,1,spot_ltlfilt,0
/RG/rg-fried/alnadav5/ltlf-po-benchmarks/lucas/ltlf/peek/peek_2_4_22.ltlf,lucas_mso,1,spot_ltlfilt,0
/RG/rg-fried/alnadav5/ltlf-po-benchmarks/lucas/ltlf/peek/peek_2_1_62.ltlf,lucas_mso,1,spot_ltlfilt,0
/RG/rg-fried/alnadav5/ltlf-po-benchmarks/lucas/ltlf/peek/peek_1_1_3.ltlf,lucas_mso,1,spot_ltlfilt,0
/RG/rg-fried/alnadav5/ltlf-po-benchmarks/lucas/ltlf/peek/peek_2_2_29.ltlf,lucas_mso,1,spot_ltlfilt,0
/RG/rg-fried/alnadav5/ltlf-po-benchmarks/lucas/ltlf/peek/peek_2_4_29.ltlf,lucas_mso,1,spot_ltlfilt,0
/RG/rg-fried/alnadav5/ltlf-po-benchmarks/lucas/ltlf/peek/peek_2_2_15.ltlf,lucas_mso,1,spot_ltlfilt,0
/RG/rg-fried/alnadav5/ltlf-po-benchmarks/lucas/ltlf/peek/peek_2_4_56.ltlf,lucas_mso,1,spot_ltlfilt,0
/RG/rg-fried/alnadav5/ltlf-po-benchmarks/lucas/ltlf/peek/peek_2_2_22.ltlf,lucas_mso,1,spot_ltlfilt,0
/RG/rg-fried/alnadav5/ltlf-po-benchmarks/lucas/ltlf/peek/peek_1_2_15.ltlf,lucas_mso,1,spot_ltlfilt,0
/RG/rg-fried/alnadav5/ltlf-po-benchmarks/lucas/ltlf/peek/peek_1_4_33.ltlf,lucas_mso,1,spot_ltlfilt,0
/RG/rg-fried/alnadav5/ltlf-po-benchmarks/lucas/ltlf/peek/peek_2_3_40.ltlf,lucas_mso,1,spot_ltlfilt,0
/RG/rg-fried/alnadav5/ltlf-po-benchmarks/lucas/ltlf/peek/peek_2_2_91.ltlf,lucas_mso,1,spot_ltlfilt,0
/RG/rg-fried/alnadav5/ltlf-po-benchmarks/lucas/ltlf/peek/peek_1_1_90.ltlf,lucas_mso,1,spot_ltlfilt,0
/RG/rg-fried/alnadav5/ltlf-po-benchmarks/lucas/ltlf/peek/peek_2_3_61.ltlf,lucas_mso,1,spot_ltlfilt,0
/RG/rg-fried/alnadav5/ltlf-po-benchmarks/lucas/ltlf/peek/peek_1_4_93.ltlf,lucas_mso,1,spot_ltlfilt,0
/RG/rg-fried/alnadav5/ltlf-po-benchmarks/lucas/ltlf/peek/peek_2_1_91.ltlf,lucas_mso,1,spot_ltlfilt,0
/RG/rg-fried/alnadav5/ltlf-po-benchmarks/lucas/ltlf/peek/peek_2_3_14.ltlf,lucas_mso,1,spot_ltlfilt,0
/RG/rg-fried/alnadav5/ltlf-po-benchmarks/lucas/ltlf/peek/peek_1_3_37.ltlf,lucas_mso,1,spot_ltlfilt,0
/RG/rg-fried/alnadav5/ltlf-po-benchmarks/lucas/ltlf/peek/peek_1_2_82.ltlf,lucas_mso,1,spot_ltlfilt,0
/RG/rg-fried/alnadav5/ltlf-po-benchmarks/lucas/ltlf/peek/peek_1_1_56.ltlf,lucas_mso,1,spot_ltlfilt,0
/RG/rg-fried/alnadav5/ltlf-po-benchmarks/lucas/ltlf/peek/peek_1_4_92.ltlf,lucas_mso,1,spot_ltlfilt,0
/RG/rg-fried/alnadav5/ltlf-po-benchmarks/lucas/ltlf/peek/peek_1_4_9.ltlf,lucas_mso,1,spot_ltlfilt,0
/RG/rg-fried/alnadav5/ltlf-po-benchmarks/lucas/ltlf/peek/peek_1_1_94.ltlf,lucas_mso,1,spot_ltlfilt,0
/RG/rg-fried/alnadav5/ltlf-po-benchmarks/lucas/ltlf/peek/peek_1_3_1.ltlf,lucas_mso,1,spot_ltlfilt,0
/RG/rg-fried/alnadav5/ltlf-po-benchmarks/lucas/ltlf/peek/peek_1_3_84.ltlf,lucas_mso,1,spot_ltlfilt,0
/RG/rg-fried/alnadav5/ltlf-po-benchmarks/lucas/ltlf/peek/peek_2_1_54.ltlf,lucas_mso,1,spot_ltlfilt,0
/RG/rg-fried/alnadav5/ltlf-po-benchmarks/lucas/ltlf/peek/peek_1_1_93.ltlf,lucas_mso,1,spot_ltlfilt,0
/RG/rg-fried/alnadav5/ltlf-po-benchmarks/lucas/ltlf/peek/peek_2_3_13.ltlf,lucas_mso,1,spot_ltlfilt,0
/RG/rg-fried/alnadav5/ltlf-po-benchmarks/lucas/ltlf/peek/peek_1_4_67.ltlf,lucas_mso,1,spot_ltlfilt,0
/RG/rg-fried/alnadav5/ltlf-po-benchmarks/lucas/ltlf/peek/peek_1_1_28.ltlf,lucas_mso,1,spot_ltlfilt,0
/RG/rg-fried/alnadav5/ltlf-po-benchmarks/lucas/ltlf/peek/peek_1_4_77.ltlf,lucas_mso,1,spot_ltlfilt,0
/RG/rg-fried/alnadav5/ltlf-po-benchmarks/lucas/ltlf/peek/peek_2_4_40.ltlf,lucas_mso,1,spot_ltlfilt,0
/RG/rg-fried/alnadav5/ltlf-po-benchmarks/lucas/ltlf/peek/peek_2_4_66.ltlf,lucas_mso,1,spot_ltlfilt,0
/RG/rg-fried/alnadav5/ltlf-po-benchmarks/lucas/ltlf/peek/peek_2_1_63.ltlf,lucas_mso,1,spot_ltlfilt,0
/RG/rg-fried/alnadav5/ltlf-po-benchmarks/lucas/ltlf/peek/peek_2_3_96.ltlf,lucas_mso,1,spot_ltlfilt,0
/RG/rg-fried/alnadav5/ltlf-po-benchmarks/lucas/ltlf/peek/peek_2_2_6.ltlf,lucas_mso,1,spot_ltlfilt,0
/RG/rg-fried/alnadav5/ltlf-po-benchmarks/lucas/ltlf/peek/peek_2_3_41.ltlf,lucas_mso,1,spot_ltlfilt,0
/RG/rg-fried/alnadav5/ltlf-po-benchmarks/lucas/ltlf/peek/peek_2_3_89.ltlf,lucas_mso,1,spot_ltlfilt,0
/RG/rg-fried/alnadav5/ltlf-po-benchmarks/lucas/ltlf/peek/peek_2_4_11.ltlf,lucas_mso,1,spot_ltlfilt,0
/RG/rg-fried/alnadav5/ltlf-po-benchmarks/lucas/ltlf/peek/peek_2_3_35.ltlf,lucas_mso,1,spot_ltlfilt,0
/RG/rg-fried/alnadav5/ltlf-po-benchmarks/lucas/ltlf/peek/peek_2_2_85.ltlf,lucas_mso,1,spot_ltlfilt,0
/RG/rg-fried/alnadav5/ltlf-po-benchmarks/lucas/ltlf/peek/peek_1_1_86.ltlf,lucas_mso,1,spot_ltlfilt,0
/RG/rg-fried/alnadav5/ltlf-po-benchmarks/lucas/ltlf/peek/peek_2_3_63.ltlf,lucas_mso,1,spot_ltlfilt,0
/RG/rg-fried/alnadav5/ltlf-po-benchmarks/lucas/ltlf/peek/peek_2_4_36.ltlf,lucas_mso,1,spot_ltlfilt,0
/RG/rg-fried/alnadav5/ltlf-po-benchmarks/lucas/ltlf/peek/peek_1_4_44.ltlf,lucas_mso,1,spot_ltlfilt,0
/RG/rg-fried/alnadav5/ltlf-po-benchmarks/lucas/ltlf/peek/peek_1_2_51.ltlf,lucas_mso,1,spot_ltlfilt,0
/RG/rg-fried/alnadav5/ltlf-po-benchmarks/lucas/ltlf/peek/peek_1_4_8.ltlf,lucas_mso,1,spot_ltlfilt,0
/RG/rg-fried/alnadav5/ltlf-po-benchmarks/lucas/ltlf/peek/peek_2_3_67.ltlf,lucas_mso,1,spot_ltlfilt,0
/RG/rg-fried/alnadav5/ltlf-po-benchmarks/lucas/ltlf/peek/peek_2_1_79.ltlf,lucas_mso,1,spot_ltlfilt,0
/RG/rg-fried/alnadav5/ltlf-po-benchmarks/lucas/ltlf/peek/peek_2_2_82.ltlf,lucas_mso,1,spot_ltlfilt,0
/RG/rg-fried/alnadav5/ltlf-po-benchmarks/lucas/ltlf/peek/peek_2_4_74.ltlf,lucas_mso,1,spot_ltlfilt,0
/RG/rg-fried/alnadav5/ltlf-po-benchmarks/lucas/ltlf/peek/peek_1_3_74.ltlf,lucas_mso,1,spot_ltlfilt,0
/RG/rg-fried/alnadav5/ltlf-po-benchmarks/lucas/ltlf/peek/peek_2_4_1.ltlf,lucas_mso,1,spot_ltlfilt,0
/RG/rg-fried/alnadav5/ltlf-po-benchmarks/lucas/ltlf/peek/peek_2_1_67.ltlf,lucas_mso,1,spot_ltlfilt,0
/RG/rg-fried/alnadav5/ltlf-po-benchmarks/lucas/ltlf/peek/peek_2_3_84.ltlf,lucas_mso,1,spot_ltlfilt,0
/RG/rg-fried/alnadav5/ltlf-po-benchmarks/lucas/ltlf/peek/peek_1_4_25.ltlf,lucas_mso,1,spot_ltlfilt,0
/RG/rg-fried/alnadav5/ltlf-po-benchmarks/lucas/ltlf/peek/peek_2_1_94.ltlf,lucas_mso,1,spot_ltlfilt,0
/RG/rg-fried/alnadav5/ltlf-po-benchmarks/lucas/ltlf/peek/peek_1_1_97.ltlf,lucas_mso,1,spot_ltlfilt,0
/RG/rg-fried/alnadav5/ltlf-po-benchmarks/lucas/ltlf/peek/peek_2_1_47.ltlf,lucas_mso,1,spot_ltlfilt,0
/RG/rg-fried/alnadav5/ltlf-po-benchmarks/lucas/ltlf/peek/peek_2_3_75.ltlf,lucas_mso,1,spot_ltlfilt,0
/RG/rg-fried/alnadav5/ltlf-po-benchmarks/lucas/ltlf/peek/peek_1_3_20.ltlf,lucas_mso,1,spot_ltlfilt,0
/RG/rg-fried/alnadav5/ltlf-po-benchmarks/lucas/ltlf/peek/peek_1_3_56.ltlf,lucas_mso,1,spot_ltlfilt,0
/RG/rg-fried/alnadav5/ltlf-po-benchmarks/lucas/ltlf/peek/peek_2_4_31.ltlf,lucas_mso,1,spot_ltlfilt,0
/RG/rg-fried/alnadav5/ltlf-po-benchmarks/lucas/ltlf/peek/peek_1_1_6.ltlf,lucas_mso,1,spot_ltlfilt,0
/RG/rg-fried/alnadav5/ltlf-po-benchmarks/lucas/ltlf/peek/peek_2_2_4.ltlf,lucas_mso,1,spot_ltlfilt,0
/RG/rg-fried/alnadav5/ltlf-po-benchmarks/lucas/ltlf/peek/peek_2_1_36.ltlf,lucas_mso,1,spot_ltlfilt,0
/RG/rg-fried/alnadav5/ltlf-po-benchmarks/lucas/ltlf/peek/peek_2_1_98.ltlf,lucas_mso,1,spot_ltlfilt,0
/RG/rg-fried/alnadav5/ltlf-po-benchmarks/lucas/ltlf/peek/peek_1_3_96.ltlf,lucas_mso,1,spot_ltlfilt,0
/RG/rg-fried/alnadav5/ltlf-po-benchmarks/lucas/ltlf/peek/peek_2_4_88.ltlf,lucas_mso,1,spot_ltlfilt,0
/RG/rg-fried/alnadav5/ltlf-po-benchmarks/lucas/ltlf/peek/peek_2_4_95.ltlf,lucas_mso,1,spot_ltlfilt,0
/RG/rg-fried/alnadav5/ltlf-po-benchmarks/lucas/ltlf/peek/peek_1_2_86.ltlf,lucas_mso,1,spot_ltlfilt,0
/RG/rg-fried/alnadav5/ltlf-po-benchmarks/lucas/ltlf/peek/peek_2_3_69.ltlf,lucas_mso,1,spot_ltlfilt,0
/RG/rg-fried/alnadav5/ltlf-po-benchmarks/lucas/ltlf/peek/peek_1_1_40.ltlf,lucas_mso,1,spot_ltlfilt,0
/RG/rg-fried/alnadav5/ltlf-po-benchmarks/lucas/ltlf/peek/peek_2_3_82.ltlf,lucas_mso,1,spot_ltlfilt,0
/RG/rg-fried/alnadav5/ltlf-po-benchmarks/lucas/ltlf/peek/peek_2_3_26.ltlf,lucas_mso,1,spot_ltlfilt,0
/RG/rg-fried/alnadav5/ltlf-po-benchmarks/lucas/ltlf/peek/peek_1_3_6.ltlf,lucas_mso,1,spot_ltlfilt,0
/RG/rg-fried/alnadav5/ltlf-po-benchmarks/lucas/ltlf/peek/peek_2_3_4.ltlf,lucas_mso,1,spot_ltlfilt,0
/RG/rg-fried/alnadav5/ltlf-po-benchmarks/lucas/ltlf/peek/peek_1_2_83.ltlf,lucas_mso,1,spot_ltlfilt,0
/RG/rg-fried/alnadav5/ltlf-po-benchmarks/lucas/ltlf/peek/peek_1_3_7.ltlf,lucas_mso,1,spot_ltlfilt,0
/RG/rg-fried/alnadav5/ltlf-po-benchmarks/lucas/ltlf/peek/peek_1_3_11.ltlf,lucas_mso,1,spot_ltlfilt,0
/RG/rg-fried/alnadav5/ltlf-po-benchmarks/lucas/ltlf/peek/peek_1_2_13.ltlf,lucas_mso,1,spot_ltlfilt,0
/RG/rg-fried/alnadav5/ltlf-po-benchmarks/lucas/ltlf/peek/peek_1_2_17.ltlf,lucas_mso,1,spot_ltlfilt,0
/RG/rg-fried/alnadav5/ltlf-po-benchmarks/lucas/ltlf/seek_6.ltlf,lucas_mso,1,spot_ltlfilt,0
/RG/rg-fried/alnadav5/ltlf-po-benchmarks/lucas/ltlf/peek/peek_2_1_40.ltlf,lucas_mso,1,spot_ltlfilt,0
/RG/rg-fried/alnadav5/ltlf-po-benchmarks/lucas/ltlf/peek/peek_1_3_35.ltlf,lucas_mso,1,spot_ltlfilt,0
/RG/rg-fried/alnadav5/ltlf-po-benchmarks/lucas/ltlf/peek/peek_1_4_81.ltlf,lucas_mso,1,spot_ltlfilt,0
/RG/rg-fried/alnadav5/ltlf-po-benchmarks/lucas/ltlf/peek/peek_2_2_61.ltlf,lucas_mso,1,spot_ltlfilt,0
/RG/rg-fried/alnadav5/ltlf-po-benchmarks/lucas/ltlf/peek/peek_2_4_76.ltlf,lucas_mso,1,spot_ltlfilt,0
/RG/rg-fried/alnadav5/ltlf-po-benchmarks/lucas/ltlf/peek/peek_2_3_17.ltlf,lucas_mso,1,spot_ltlfilt,0
/RG/rg-fried/alnadav5/ltlf-po-benchmarks/lucas/ltlf/peek/peek_2_3_56.ltlf,lucas_mso,1,spot_ltlfilt,0
/RG/rg-fried/alnadav5/ltlf-po-benchmarks/lucas/ltlf/peek/peek_2_2_73.ltlf,lucas_mso,1,spot_ltlfilt,0
/RG/rg-fried/alnadav5/ltlf-po-benchmarks/lucas/ltlf/peek/peek_1_3_86.ltlf,lucas_mso,1,spot_ltlfilt,0
/RG/rg-fried/alnadav5/ltlf-po-benchmarks/lucas/ltlf/peek/peek_1_3_45.ltlf,lucas_mso,1,spot_ltlfilt,0
/RG/rg-fried/alnadav5/ltlf-po-benchmarks/lucas/ltlf/peek/peek_2_3_90.ltlf,lucas_mso,1,spot_ltlfilt,0
/RG/rg-fried/alnadav5/ltlf-po-benchmarks/lucas/ltlf/peek/peek_2_4_75.ltlf,lucas_mso,1,spot_ltlfilt,0
/RG/rg-fried/alnadav5/ltlf-po-benchmarks/lucas/ltlf/peek/peek_1_2_21.ltlf,lucas_mso,1,spot_ltlfilt,0
/RG/rg-fried/alnadav5/ltlf-po-benchmarks/lucas/ltlf/peek/peek_2_4_70.ltlf,lucas_mso,1,spot_ltlfilt,0
/RG/rg-fried/alnadav5/ltlf-po-benchmarks/lucas/ltlf/peek/peek_2_1_61.ltlf,lucas_mso,1,spot_ltlfilt,0
/RG/rg-fried/alnadav5/ltlf-po-benchmarks/lucas/ltlf/peek/peek_2_3_28.ltlf,lucas_mso,1,spot_ltlfilt,0
/RG/rg-fried/alnadav5/ltlf-po-benchmarks/lucas/ltlf/peek/peek_1_4_35.ltlf,lucas_mso,1,spot_ltlfilt,0
/RG/rg-fried/alnadav5/ltlf-po-benchmarks/lucas/ltlf/peek/peek_2_1_77.ltlf,lucas_mso,1,spot_ltlfilt,0
/RG/rg-fried/alnadav5/ltlf-po-benchmarks/lucas/ltlf/peek/peek_1_3_60.ltlf,lucas_mso,1,spot_ltlfilt,0
/RG/rg-fried/alnadav5/ltlf-po-benchmarks/lucas/ltlf/peek/peek_2_2_63.ltlf,lucas_mso,1,spot_ltlfilt,0
/RG/rg-fried/alnadav5/ltlf-po-benchmarks/lucas/ltlf/peek/peek_2_2_49.ltlf,lucas_mso,1,spot_ltlfilt,0
/RG/rg-fried/alnadav5/ltlf-po-benchmarks/lucas/ltlf/peek/peek_2_3_32.ltlf,lucas_mso,1,spot_ltlfilt,0
/RG/rg-fried/alnadav5/ltlf-po-benchmarks/lucas/ltlf/peek/peek_1_3_79.ltlf,lucas_mso,1,spot_ltlfilt,0
/RG/rg-fried/alnadav5/ltlf-po-benchmarks/lucas/ltlf/peek/peek_1_2_4.ltlf,lucas_mso,1,spot_ltlfilt,0
/RG/rg-fried/alnadav5/ltlf-po-benchmarks/lucas/ltlf/peek/peek_1_2_58.ltlf,lucas_mso,1,spot_ltlfilt,0
/RG/rg-fried/alnadav5/ltlf-po-benchmarks/lucas/ltlf/peek/peek_2_4_67.ltlf,lucas_mso,1,spot_ltlfilt,0
/RG/rg-fried/alnadav5/ltlf-po-benchmarks/lucas/ltlf/peek/peek_1_1_95.ltlf,lucas_mso,1,spot_ltlfilt,0
/RG/rg-fried/alnadav5/ltlf-po-benchmarks/lucas/ltlf/peek/peek_1_3_71.ltlf,lucas_mso,1,spot_ltlfilt,0
/RG/rg-fried/alnadav5/ltlf-po-benchmarks/lucas/ltlf/peek/peek_1_4_75.ltlf,lucas_mso,1,spot_ltlfilt,0
/RG/rg-fried/alnadav5/ltlf-po-benchmarks/lucas/ltlf/peek/peek_2_3_91.ltlf,lucas_mso,1,spot_ltlfilt,0
/RG/rg-fried/alnadav5/ltlf-po-benchmarks/lucas/ltlf/peek/peek_2_4_41.ltlf,lucas_mso,1,spot_ltlfilt,0
/RG/rg-fried/alnadav5/ltlf-po-benchmarks/lucas/ltlf/peek/peek_2_4_2.ltlf,lucas_mso,1,spot_ltlfilt,0
/RG/rg-fried/alnadav5/ltlf-po-benchmarks/lucas/ltlf/peek/peek_2_1_5.ltlf,lucas_mso,1,spot_ltlfilt,0
/RG/rg-fried/alnadav5/ltlf-po-benchmarks/lucas/ltlf/peek/peek_1_3_99.ltlf,lucas_mso,1,spot_ltlfilt,0
/RG/rg-fried/alnadav5/ltlf-po-benchmarks/lucas/ltlf/peek/peek_2_3_78.ltlf,lucas_mso,1,spot_ltlfilt,0
/RG/rg-fried/alnadav5/ltlf-po-benchmarks/lucas/ltlf/peek/peek_1_2_84.ltlf,lucas_mso,1,spot_ltlfilt,0
/RG/rg-fried/alnadav5/ltlf-po-benchmarks/lucas/ltlf/peek/peek_1_1_17.ltlf,lucas_mso,1,spot_ltlfilt,0
/RG/rg-fried/alnadav5/ltlf-po-benchmarks/lucas/ltlf/seek_7.ltlf,lucas_mso,1,spot_ltlfilt,0
/RG/rg-fried/alnadav5/ltlf-po-benchmarks/lucas/ltlf/peek/peek_1_2_90.ltlf,lucas_mso,1,spot_ltlfilt,0
/RG/rg-fried/alnadav5/ltlf-po-benchmarks/lucas/ltlf/peek/peek_1_3_31.ltlf,lucas_mso,1,spot_ltlfilt,0
/RG/rg-fried/alnadav5/ltlf-po-benchmarks/lucas/ltlf/peek/peek_1_1_35.ltlf,lucas_mso,1,spot_ltlfilt,0
/RG/rg-fried/alnadav5/ltlf-po-benchmarks/lucas/ltlf/peek/peek_1_3_32.ltlf,lucas_mso,1,spot_ltlfilt,0
/RG/rg-fried/alnadav5/ltlf-po-benchmarks/lucas/ltlf/peek/peek_2_2_68.ltlf,lucas_mso,1,spot_ltlfilt,0
/RG/rg-fried/alnadav5/ltlf-po-benchmarks/lucas/ltlf/peek/peek_1_4_39.ltlf,lucas_mso,1,spot_ltlfilt,0
/RG/rg-fried/alnadav5/ltlf-po-benchmarks/lucas/ltlf/peek/peek_1_3_65.ltlf,lucas_mso,1,spot_ltlfilt,0
/RG/rg-fried/alnadav5/ltlf-po-benchmarks/lucas/ltlf/peek/peek_2_1_22.ltlf,lucas_mso,1,spot_ltlfilt,0
/RG/rg-fried/alnadav5/ltlf-po-benchmarks/lucas/ltlf/peek/peek_2_4_17.ltlf,lucas_mso,1,spot_ltlfilt,0
/RG/rg-fried/alnadav5/ltlf-po-benchmarks/lucas/ltlf/peek/peek_1_3_28.ltlf,lucas_mso,1,spot_ltlfilt,0
/RG/rg-fried/alnadav5/ltlf-po-benchmarks/lucas/ltlf/peek/peek_1_2_20.ltlf,lucas_mso,1,spot_ltlfilt,0
/RG/rg-fried/alnadav5/ltlf-po-benchmarks/lucas/ltlf/peek/peek_1_2_41.ltlf,lucas_mso,1,spot_ltlfilt,0
/RG/rg-fried/alnadav5/ltlf-po-benchmarks/lucas/ltlf/peek/peek_2_2_5.ltlf,lucas_mso,1,spot_ltlfilt,0
/RG/rg-fried/alnadav5/ltlf-po-benchmarks/lucas/ltlf/peek/peek_2_3_48.ltlf,lucas_mso,1,spot_ltlfilt,0
/RG/rg-fried/alnadav5/ltlf-po-benchmarks/lucas/ltlf/peek/peek_2_1_27.ltlf,lucas_mso,1,spot_ltlfilt,0
/RG/rg-fried/alnadav5/ltlf-po-benchmarks/lucas/ltlf/peek/peek_1_3_14.ltlf,lucas_mso,1,spot_ltlfilt,0
/RG/rg-fried/alnadav5/ltlf-po-benchmarks/lucas/ltlf/peek/peek_1_4_68.ltlf,lucas_mso,1,spot_ltlfilt,0
/RG/rg-fried/alnadav5/ltlf-po-benchmarks/lucas/ltlf/peek/peek_1_1_7.ltlf,lucas_mso,1,spot_ltlfilt,0
/RG/rg-fried/alnadav5/ltlf-po-benchmarks/lucas/ltlf/peek/peek_1_4_53.ltlf,lucas_mso,1,spot_ltlfilt,0
/RG/rg-fried/alnadav5/ltlf-po-benchmarks/lucas/ltlf/peek/peek_1_1_15.ltlf,lucas_mso,1,spot_ltlfilt,0
/RG/rg-fried/alnadav5/ltlf-po-benchmarks/lucas/ltlf/peek/peek_1_1_4.ltlf,lucas_mso,1,spot_ltlfilt,0
/RG/rg-fried/alnadav5/ltlf-po-benchmarks/lucas/ltlf/peek/peek_2_2_100.ltlf,lucas_mso,1,spot_ltlfilt,0
/RG/rg-fried/alnadav5/ltlf-po-benchmarks/lucas/ltlf/peek/peek_2_3_21.ltlf,lucas_mso,1,spot_ltlfilt,0
/RG/rg-fried/alnadav5/ltlf-po-benchmarks/lucas/ltlf/peek/peek_2_2_74.ltlf,lucas_mso,1,spot_ltlfilt,0
/RG/rg-fried/alnadav5/ltlf-po-benchmarks/lucas/ltlf/peek/peek_2_1_42.ltlf,lucas_mso,1,spot_ltlfilt,0
/RG/rg-fried/alnadav5/ltlf-po-benchmarks/lucas/ltlf/peek/peek_2_2_48.ltlf,lucas_mso,1,spot_ltlfilt,0
/RG/rg-fried/alnadav5/ltlf-po-benchmarks/lucas/ltlf/peek/peek_1_1_10.ltlf,lucas_mso,1,spot_ltlfilt,0
/RG/rg-fried/alnadav5/ltlf-po-benchmarks/lucas/ltlf/peek/peek_1_3_92.ltlf,lucas_mso,1,spot_ltlfilt,0
/RG/rg-fried/alnadav5/ltlf-po-benchmarks/lucas/ltlf/peek/peek_2_2_64.ltlf,lucas_mso,1,spot_ltlfilt,0
/RG/rg-fried/alnadav5/ltlf-po-benchmarks/lucas/ltlf/peek/peek_1_1_13.ltlf,lucas_mso,1,spot_ltlfilt,0
/RG/rg-fried/alnadav5/ltlf-po-benchmarks/lucas/ltlf/peek/peek_1_1_2.ltlf,lucas_mso,1,spot_ltlfilt,0
/RG/rg-fried/alnadav5/ltlf-po-benchmarks/lucas/ltlf/peek/peek_1_2_40.ltlf,lucas_mso,1,spot_ltlfilt,0
/RG/rg-fried/alnadav5/ltlf-po-benchmarks/lucas/ltlf/peek/peek_2_4_63.ltlf,lucas_mso,1,spot_ltlfilt,0
/RG/rg-fried/alnadav5/ltlf-po-benchmarks/lucas/ltlf/peek/peek_2_1_7.ltlf,lucas_mso,1,spot_ltlfilt,0
/RG/rg-fried/alnadav5/ltlf-po-benchmarks/lucas/ltlf/peek/peek_1_2_12.ltlf,lucas_mso,1,spot_ltlfilt,0
/RG/rg-fried/alnadav5/ltlf-po-benchmarks/lucas/ltlf/peek/peek_1_2_30.ltlf,lucas_mso,1,spot_ltlfilt,0
/RG/rg-fried/alnadav5/ltlf-po-benchmarks/lucas/ltlf/peek/peek_2_2_95.ltlf,lucas_mso,1,spot_ltlfilt,0
/RG/rg-fried/alnadav5/ltlf-po-benchmarks/lucas/ltlf/peek/peek_2_2_80.ltlf,lucas_mso,1,spot_ltlfilt,0
/RG/rg-fried/alnadav5/ltlf-po-benchmarks/lucas/ltlf/peek/peek_1_4_90.ltlf,lucas_mso,1,spot_ltlfilt,0
/RG/rg-fried/alnadav5/ltlf-po-benchmarks/lucas/ltlf/peek/peek_2_4_98.ltlf,lucas_mso,1,spot_ltlfilt,0
/RG/rg-fried/alnadav5/ltlf-po-benchmarks/lucas/ltlf/peek/peek_1_2_28.ltlf,lucas_mso,1,spot_ltlfilt,0
/RG/rg-fried/alnadav5/ltlf-po-benchmarks/lucas/ltlf/peek/peek_1_3_42.ltlf,lucas_mso,1,spot_ltlfilt,0
/RG/rg-fried/alnadav5/ltlf-po-benchmarks/lucas/ltlf/peek/peek_2_3_66.ltlf,lucas_mso,1,spot_ltlfilt,0
/RG/rg-fried/alnadav5/ltlf-po-benchmarks/lucas/ltlf/peek/peek_1_4_29.ltlf,lucas_mso,1,spot_ltlfilt,0
/RG/rg-fried/alnadav5/ltlf-po-benchmarks/lucas/ltlf/peek/peek_1_2_1.ltlf,lucas_mso,1,spot_ltlfilt,0
/RG/rg-fried/alnadav5/ltlf-po-benchmarks/lucas/ltlf/peek/peek_2_2_30.ltlf,lucas_mso,1,spot_ltlfilt,0
/RG/rg-fried/alnadav5/ltlf-po-benchmarks/lucas/ltlf/peek/peek_1_3_57.ltlf,lucas_mso,1,spot_ltlfilt,0
/RG/rg-fried/alnadav5/ltlf-po-benchmarks/lucas/ltlf/peek/peek_2_3_50.ltlf,lucas_mso,1,spot_ltlfilt,0
/RG/rg-fried/alnadav5/ltlf-po-benchmarks/lucas/ltlf/peek/peek_1_4_17.ltlf,lucas_mso,1,spot_ltlfilt,0
/RG/rg-fried/alnadav5/ltlf-po-benchmarks/lucas/ltlf/peek/peek_1_1_12.ltlf,lucas_mso,1,spot_ltlfilt,0
/RG/rg-fried/alnadav5/ltlf-po-benchmarks/lucas/ltlf/peek/peek_2_2_34.ltlf,lucas_mso,1,spot_ltlfilt,0
/RG/rg-fried/alnadav5/ltlf-po-benchmarks/lucas/ltlf/peek/peek_1_3_15.ltlf,lucas_mso,1,spot_ltlfilt,0
/RG/rg-fried/alnadav5/ltlf-po-benchmarks/lucas/ltlf/peek/peek_1_2_48.ltlf,lucas_mso,1,spot_ltlfilt,0
/RG/rg-fried/alnadav5/ltlf-po-benchmarks/lucas/ltlf/peek/peek_2_4_83.ltlf,lucas_mso,1,spot_ltlfilt,0
/RG/rg-fried/alnadav5/ltlf-po-benchmarks/lucas/ltlf/peek/peek_2_3_27.ltlf,lucas_mso,1,spot_ltlfilt,0
/RG/rg-fried/alnadav5/ltlf-po-benchmarks/lucas/ltlf/peek/peek_2_3_87.ltlf,lucas_mso,1,spot_ltlfilt,0
/RG/rg-fried/alnadav5/ltlf-po-benchmarks/lucas/ltlf/peek/peek_1_4_71.ltlf,lucas_mso,1,spot_ltlfilt,0
/RG/rg-fried/alnadav5/ltlf-po-benchmarks/lucas/ltlf/peek/peek_2_2_3.ltlf,lucas_mso,1,spot_ltlfilt,0
/RG/rg-fried/alnadav5/ltlf-po-benchmarks/lucas/ltlf/peek/peek_1_1_62.ltlf,lucas_mso,1,spot_ltlfilt,0
/RG/rg-fried/alnadav5/ltlf-po-benchmarks/lucas/ltlf/peek/peek_1_2_68.ltlf,lucas_mso,1,spot_ltlfilt,0
/RG/rg-fried/alnadav5/ltlf-po-benchmarks/lucas/ltlf/peek/peek_1_3_90.ltlf,lucas_mso,1,spot_ltlfilt,0
/RG/rg-fried/alnadav5/ltlf-po-benchmarks/lucas/ltlf/peek/peek_1_1_27.ltlf,lucas_mso,1,spot_ltlfilt,0
/RG/rg-fried/alnadav5/ltlf-po-benchmarks/lucas/ltlf/peek/peek_1_3_81.ltlf,lucas_mso,1,spot_ltlfilt,0
/RG/rg-fried/alnadav5/ltlf-po-benchmarks/lucas/ltlf/peek/peek_1_1_70.ltlf,lucas_mso,1,spot_ltlfilt,0
/RG/rg-fried/alnadav5/ltlf-po-benchmarks/lucas/ltlf/peek/peek_2_3_5.ltlf,lucas_mso,1,spot_ltlfilt,0
/RG/rg-fried/alnadav5/ltlf-po-benchmarks/lucas/ltlf/peek/peek_2_4_57.ltlf,lucas_mso,1,spot_ltlfilt,0
/RG/rg-fried/alnadav5/ltlf-po-benchmarks/lucas/ltlf/peek/peek_2_4_28.ltlf,lucas_mso,1,spot_ltlfilt,0
/RG/rg-fried/alnadav5/ltlf-po-benchmarks/lucas/ltlf/peek/peek_2_3_51.ltlf,lucas_mso,1,spot_ltlfilt,0
/RG/rg-fried/alnadav5/ltlf-po-benchmarks/lucas/ltlf/peek/peek_1_3_59.ltlf,lucas_mso,1,spot_ltlfilt,0
/RG/rg-fried/alnadav5/ltlf-po-benchmarks/lucas/ltlf/peek/peek_1_3_80.ltlf,lucas_mso,1,spot_ltlfilt,0
/RG/rg-fried/alnadav5/ltlf-po-benchmarks/lucas/ltlf/peek/peek_2_3_33.ltlf,lucas_mso,1,spot_ltlfilt,0
/RG/rg-fried/alnadav5/ltlf-po-benchmarks/lucas/ltlf/peek/peek_1_3_41.ltlf,lucas_mso,1,spot_ltlfilt,0
/RG/rg-fried/alnadav5/ltlf-po-benchmarks/lucas/ltlf/peek/peek_2_3_76.ltlf,lucas_mso,1,spot_ltlfilt,0
/RG/rg-fried/alnadav5/ltlf-po-benchmarks/lucas/ltlf/peek/peek_1_1_66.ltlf,lucas_mso,1,spot_ltlfilt,0
/RG/rg-fried/alnadav5/ltlf-po-benchmarks/lucas/ltlf/peek/peek_2_3_55.ltlf,lucas_mso,1,spot_ltlfilt,0
/RG/rg-fried/alnadav5/ltlf-po-benchmarks/lucas/ltlf/peek/peek_1_3_33.ltlf,lucas_mso,1,spot_ltlfilt,0
/RG/rg-fried/alnadav5/ltlf-po-benchmarks/lucas/ltlf/peek/peek_2_4_20.ltlf,lucas_mso,1,spot_ltlfilt,0
/RG/rg-fried/alnadav5/ltlf-po-benchmarks/lucas/ltlf/peek/peek_1_2_77.ltlf,lucas_mso,1,spot_ltlfilt,0
/RG/rg-fried/alnadav5/ltlf-po-benchmarks/lucas/ltlf/peek/peek_1_4_2.ltlf,lucas_mso,1,spot_ltlfilt,0
/RG/rg-fried/alnadav5/ltlf-po-benchmarks/lucas/ltlf/peek/peek_2_1_60.ltlf,lucas_mso,1,spot_ltlfilt,0
/RG/rg-fried/alnadav5/ltlf-po-benchmarks/lucas/ltlf/peek/peek_1_4_83.ltlf,lucas_mso,1,spot_ltlfilt,0
/RG/rg-fried/alnadav5/ltlf-po-benchmarks/lucas/ltlf/peek/peek_2_2_9.ltlf,lucas_mso,1,spot_ltlfilt,0
/RG/rg-fried/alnadav5/ltlf-po-benchmarks/lucas/ltlf/peek/peek_2_4_72.ltlf,lucas_mso,1,spot_ltlfilt,0
/RG/rg-fried/alnadav5/ltlf-po-benchmarks/lucas/ltlf/peek/peek_2_3_65.ltlf,lucas_mso,1,spot_ltlfilt,0
/RG/rg-fried/alnadav5/ltlf-po-benchmarks/lucas/ltlf/peek/peek_1_3_97.ltlf,lucas_mso,1,spot_ltlfilt,0
/RG/rg-fried/alnadav5/ltlf-po-benchmarks/lucas/ltlf/peek/peek_1_4_34.ltlf,lucas_mso,1,spot_ltlfilt,0
/RG/rg-fried/alnadav5/ltlf-po-benchmarks/lucas/ltlf/peek/peek_1_4_80.ltlf,lucas_mso,1,spot_ltlfilt,0
/RG/rg-fried/alnadav5/ltlf-po-benchmarks/lucas/ltlf/peek/peek_1_4_94.ltlf,lucas_mso,1,spot_ltlfilt,0
/RG/rg-fried/alnadav5/ltlf-po-benchmarks/lucas/ltlf/peek/peek_1_1_20.ltlf,lucas_mso,1,spot_ltlfilt,0
/RG/rg-fried/alnadav5/ltlf-po-benchmarks/lucas/ltlf/peek/peek_2_2_46.ltlf,lucas_mso,1,spot_ltlfilt,0
/RG/rg-fried/alnadav5/ltlf-po-benchmarks/lucas/ltlf/seek_2.ltlf,lucas_mso,1,spot_ltlfilt,0
/RG/rg-fried/alnadav5/ltlf-po-benchmarks/lucas/ltlf/peek/peek_1_4_62.ltlf,lucas_mso,1,spot_ltlfilt,0
/RG/rg-fried/alnadav5/ltlf-po-benchmarks/lucas/ltlf/peek/peek_1_1_47.ltlf,lucas_mso,1,spot_ltlfilt,0
/RG/rg-fried/alnadav5/ltlf-po-benchmarks/lucas/ltlf/peek/peek_2_4_45.ltlf,lucas_mso,1,spot_ltlfilt,0
/RG/rg-fried/alnadav5/ltlf-po-benchmarks/lucas/ltlf/peek/peek_1_3_98.ltlf,lucas_mso,1,spot_ltlfilt,0
/RG/rg-fried/alnadav5/ltlf-po-benchmarks/lucas/ltlf/peek/peek_1_2_80.ltlf,lucas_mso,1,spot_ltlfilt,0
/RG/rg-fried/alnadav5/ltlf-po-benchmarks/lucas/ltlf/peek/peek_2_2_24.ltlf,lucas_mso,1,spot_ltlfilt,0
/RG/rg-fried/alnadav5/ltlf-po-benchmarks/lucas/ltlf/peek/peek_2_1_2.ltlf,lucas_mso,1,spot_ltlfilt,0
/RG/rg-fried/alnadav5/ltlf-po-benchmarks/lucas/ltlf/peek/peek_1_4_97.ltlf,lucas_mso,1,spot_ltlfilt,0
/RG/rg-fried/alnadav5/ltlf-po-benchmarks/lucas/ltlf/peek/peek_2_4_33.ltlf,lucas_mso,1,spot_ltlfilt,0
/RG/rg-fried/alnadav5/ltlf-po-benchmarks/lucas/ltlf/peek/peek_2_3_97.ltlf,lucas_mso,1,spot_ltlfilt,0
/RG/rg-fried/alnadav5/ltlf-po-benchmarks/lucas/ltlf/peek/peek_1_4_43.ltlf,lucas_mso,1,spot_ltlfilt,0
/RG/rg-fried/alnadav5/ltlf-po-benchmarks/lucas/ltlf/peek/peek_1_3_29.ltlf,lucas_mso,1,spot_ltlfilt,0
/RG/rg-fried/alnadav5/ltlf-po-benchmarks/lucas/ltlf/peek/peek_1_4_66.ltlf,lucas_mso,1,spot_ltlfilt,0
/RG/rg-fried/alnadav5/ltlf-po-benchmarks/lucas/ltlf/peek/peek_1_2_72.ltlf,lucas_mso,1,spot_ltlfilt,0
/RG/rg-fried/alnadav5/ltlf-po-benchmarks/lucas/ltlf/peek/peek_1_2_75.ltlf,lucas_mso,1,spot_ltlfilt,0
/RG/rg-fried/alnadav5/ltlf-po-benchmarks/lucas/ltlf/peek/peek_1_4_23.ltlf,lucas_mso,1,spot_ltlfilt,0
/RG/rg-fried/alnadav5/ltlf-po-benchmarks/lucas/ltlf/peek/peek_1_2_87.ltlf,lucas_mso,1,spot_ltlfilt,0
/RG/rg-fried/alnadav5/ltlf-po-benchmarks/lucas/ltlf/peek/peek_1_4_5.ltlf,lucas_mso,1,spot_ltlfilt,0
/RG/rg-fried/alnadav5/ltlf-po-benchmarks/lucas/ltlf/peek/peek_2_3_86.ltlf,lucas_mso,1,spot_ltlfilt,0
/RG/rg-fried/alnadav5/ltlf-po-benchmarks/lucas/ltlf/peek/peek_1_2_78.ltlf,lucas_mso,1,spot_ltlfilt,0
/RG/rg-fried/alnadav5/ltlf-po-benchmarks/lucas/ltlf/peek/peek_2_2_59.ltlf,lucas_mso,1,spot_ltlfilt,0
/RG/rg-fried/alnadav5/ltlf-po-benchmarks/lucas/ltlf/peek/peek_2_4_24.ltlf,lucas_mso,1,spot_ltlfilt,0
/RG/rg-fried/alnadav5/ltlf-po-benchmarks/lucas/ltlf/peek/peek_1_2_73.ltlf,lucas_mso,1,spot_ltlfilt,0
/RG/rg-fried/alnadav5/ltlf-po-benchmarks/lucas/ltlf/peek/peek_1_1_46.ltlf,lucas_mso,1,spot_ltlfilt,0
/RG/rg-fried/alnadav5/ltlf-po-benchmarks/lucas/ltlf/peek/peek_1_4_82.ltlf,lucas_mso,1,spot_ltlfilt,0
/RG/rg-fried/alnadav5/ltlf-po-benchmarks/lucas/ltlf/peek/peek_1_3_8.ltlf,lucas_mso,1,spot_ltlfilt,0
/RG/rg-fried/alnadav5/ltlf-po-benchmarks/lucas/ltlf/peek/peek_2_2_20.ltlf,lucas_mso,1,spot_ltlfilt,0
/RG/rg-fried/alnadav5/ltlf-po-benchmarks/lucas/ltlf/peek/peek_2_2_17.ltlf,lucas_mso,1,spot_ltlfilt,0
/RG/rg-fried/alnadav5/ltlf-po-benchmarks/lucas/ltlf/peek/peek_2_1_55.ltlf,lucas_mso,1,spot_ltlfilt,0
/RG/rg-fried/alnadav5/ltlf-po-benchmarks/lucas/ltlf/peek/peek_1_1_29.ltlf,lucas_mso,1,spot_ltlfilt,0
/RG/rg-fried/alnadav5/ltlf-po-benchmarks/lucas/ltlf/peek/peek_2_1_59.ltlf,lucas_mso,1,spot_ltlfilt,0
/RG/rg-fried/alnadav5/ltlf-po-benchmarks/lucas/ltlf/peek/peek_2_2_55.ltlf,lucas_mso,1,spot_ltlfilt,0
/RG/rg-fried/alnadav5/ltlf-po-benchmarks/lucas/ltlf/peek/peek_1_2_31.ltlf,lucas_mso,1,spot_ltlfilt,0
/RG/rg-fried/alnadav5/ltlf-po-benchmarks/lucas/ltlf/peek/peek_2_3_22.ltlf,lucas_mso,1,spot_ltlfilt,0
/RG/rg-fried/alnadav5/ltlf-po-benchmarks/lucas/ltlf/peek/peek_1_4_18.ltlf,lucas_mso,1,spot_ltlfilt,0
/RG/rg-fried/alnadav5/ltlf-po-benchmarks/lucas/ltlf/peek/peek_1_4_20.ltlf,lucas_mso,1,spot_ltlfilt,0
/RG/rg-fried/alnadav5/ltlf-po-benchmarks/lucas/ltlf/peek/peek_1_3_21.ltlf,lucas_mso,1,spot_ltlfilt,0
/RG/rg-fried/alnadav5/ltlf-po-benchmarks/lucas/ltlf/peek/peek_2_2_44.ltlf,lucas_mso,1,spot_ltlfilt,0
/RG/rg-fried/alnadav5/ltlf-po-benchmarks/lucas/ltlf/peek/peek_1_4_91.ltlf,lucas_mso,1,spot_ltlfilt,0
/RG/rg-fried/alnadav5/ltlf-po-benchmarks/lucas/ltlf/peek/peek_1_4_21.ltlf,lucas_mso,1,spot_ltlfilt,0
/RG/rg-fried/alnadav5/ltlf-po-benchmarks/lucas/ltlf/peek/peek_1_2_27.ltlf,lucas_mso,1,spot_ltlfilt,0
/RG/rg-fried/alnadav5/ltlf-po-benchmarks/lucas/ltlf/peek/peek_1_1_32.ltlf,lucas_mso,1,spot_ltlfilt,0
/RG/rg-fried/alnadav5/ltlf-po-benchmarks/lucas/ltlf/peek/peek_1_4_30.ltlf,lucas_mso,1,spot_ltlfilt,0
/RG/rg-fried/alnadav5/ltlf-po-benchmarks/lucas/ltlf/peek/peek_1_4_4.ltlf,lucas_mso,1,spot_ltlfilt,0
/RG/rg-fried/alnadav5/ltlf-po-benchmarks/lucas/ltlf/peek/peek_1_4_50.ltlf,lucas_mso,1,spot_ltlfilt,0
/RG/rg-fried/alnadav5/ltlf-po-benchmarks/lucas/ltlf/peek/peek_2_1_6.ltlf,lucas_mso,1,spot_ltlfilt,0
/RG/rg-fried/alnadav5/ltlf-po-benchmarks/lucas/ltlf/peek/peek_2_4_97.ltlf,lucas_mso,1,spot_ltlfilt,0
/RG/rg-fried/alnadav5/ltlf-po-benchmarks/lucas/ltlf/peek/peek_2_3_29.ltlf,lucas_mso,1,spot_ltlfilt,0
/RG/rg-fried/alnadav5/ltlf-po-benchmarks/lucas/ltlf/peek/peek_2_2_56.ltlf,lucas_mso,1,spot_ltlfilt,0
/RG/rg-fried/alnadav5/ltlf-po-benchmarks/lucas/ltlf/peek/peek_2_4_19.ltlf,lucas_mso,1,spot_ltlfilt,0
/RG/rg-fried/alnadav5/ltlf-po-benchmarks/lucas/ltlf/peek/peek_1_3_61.ltlf,lucas_mso,1,spot_ltlfilt,0
/RG/rg-fried/alnadav5/ltlf-po-benchmarks/lucas/ltlf/peek/peek_2_4_44.ltlf,lucas_mso,1,spot_ltlfilt,0
/RG/rg-fried/alnadav5/ltlf-po-benchmarks/lucas/ltlf/peek/peek_1_2_47.ltlf,lucas_mso,1,spot_ltlfilt,0
/RG/rg-fried/alnadav5/ltlf-po-benchmarks/lucas/ltlf/peek/peek_1_3_30.ltlf,lucas_mso,1,spot_ltlfilt,0
/RG/rg-fried/alnadav5/ltlf-po-benchmarks/lucas/ltlf/peek/peek_2_1_90.ltlf,lucas_mso,1,spot_ltlfilt,0
/RG/rg-fried/alnadav5/ltlf-po-benchmarks/lucas/ltlf/peek/peek_1_2_67.ltlf,lucas_mso,1,spot_ltlfilt,0
/RG/rg-fried/alnadav5/ltlf-po-benchmarks/lucas/ltlf/peek/peek_1_4_38.ltlf,lucas_mso,1,spot_ltlfilt,0
/RG/rg-fried/alnadav5/ltlf-po-benchmarks/lucas/ltlf/peek/peek_2_3_23.ltlf,lucas_mso,1,spot_ltlfilt,0
/RG/rg-fried/alnadav5/ltlf-po-benchmarks/lucas/ltlf/peek/peek_2_2_93.ltlf,lucas_mso,1,spot_ltlfilt,0
/RG/rg-fried/alnadav5/ltlf-po-benchmarks/lucas/ltlf/peek/peek_1_2_95.ltlf,lucas_mso,1,spot_ltlfilt,0
/RG/rg-fried/alnadav5/ltlf-po-benchmarks/lucas/ltlf/peek/peek_1_4_48.ltlf,lucas_mso,1,spot_ltlfilt,0
/RG/rg-fried/alnadav5/ltlf-po-benchmarks/lucas/ltlf/peek/peek_2_4_38.ltlf,lucas_mso,1,spot_ltlfilt,0
/RG/rg-fried/alnadav5/ltlf-po-benchmarks/lucas/ltlf/peek/peek_2_2_67.ltlf,lucas_mso,1,spot_ltlfilt,0
/RG/rg-fried/alnadav5/ltlf-po-benchmarks/lucas/ltlf/peek/peek_1_1_26.ltlf,lucas_mso,1,spot_ltlfilt,0
/RG/rg-fried/alnadav5/ltlf-po-benchmarks/lucas/ltlf/peek/peek_1_4_95.ltlf,lucas_mso,1,spot_ltlfilt,0
/RG/rg-fried/alnadav5/ltlf-po-benchmarks/lucas/ltlf/peek/peek_1_2_34.ltlf,lucas_mso,1,spot_ltlfilt,0
/RG/rg-fried/alnadav5/ltlf-po-benchmarks/lucas/ltlf/peek/peek_2_3_43.ltlf,lucas_mso,1,spot_ltlfilt,0
/RG/rg-fried/alnadav5/ltlf-po-benchmarks/lucas/ltlf/peek/peek_1_1_52.ltlf,lucas_mso,1,spot_ltlfilt,0
/RG/rg-fried/alnadav5/ltlf-po-benchmarks/lucas/ltlf/peek/peek_1_3_67.ltlf,lucas_mso,1,spot_ltlfilt,0
/RG/rg-fried/alnadav5/ltlf-po-benchmarks/lucas/ltlf/peek/peek_2_2_1.ltlf,lucas_mso,1,spot_ltlfilt,0
